-- Adminer 4.7.5 MySQL dump

SET NAMES utf8;
SET time_zone = '+00:00';
SET foreign_key_checks = 0;
SET sql_mode = 'NO_AUTO_VALUE_ON_ZERO';

DROP TABLE IF EXISTS `m_jenis_opd`;
CREATE TABLE `m_jenis_opd` (
  `id` int(11) NOT NULL AUTO_INCREMENT,
  `nama_jenis` varchar(45) DEFAULT NULL,
  PRIMARY KEY (`id`)
) ENGINE=InnoDB DEFAULT CHARSET=latin1;

INSERT INTO `m_jenis_opd` (`id`, `nama_jenis`) VALUES
(1,	'Sekretariat Daerah'),
(2,	'Sekretariat DPRD'),
(3,	'Inspektorat'),
(4,	'Dinas'),
(5,	'Badan'),
(6,	'Kecamatan'),
(7,	'RS Daerah');

DROP TABLE IF EXISTS `m_jenis_unit_kerja`;
CREATE TABLE `m_jenis_unit_kerja` (
  `id` int(11) NOT NULL AUTO_INCREMENT,
  `jenis_unit_kerja` varchar(45) DEFAULT NULL,
  `induk` tinyint(4) DEFAULT NULL,
  PRIMARY KEY (`id`)
) ENGINE=InnoDB DEFAULT CHARSET=latin1;

INSERT INTO `m_jenis_unit_kerja` (`id`, `jenis_unit_kerja`, `induk`) VALUES
(1,	'Sekretariat Daerah',	1),
(2,	'Sekretariat DPRD',	1),
(3,	'Inspektorat',	1),
(4,	'Dinas',	1),
(5,	'Badan',	1),
(6,	'Kecamatan',	1),
(7,	'Bidang',	1),
(8,	'Sub Bidang',	1),
(9,	'Bagian / Sekretariat',	1),
(10,	'Sub Bagian',	1),
(11,	'Seksi',	1),
(12,	'Kelurahan',	1),
(13,	'UPT',	0),
(14,	'Asisten',	1),
(15,	'Inspektur Pembantu',	1),
(16,	'Rumah Sakit',	1),
(17,	'Staf Ahli',	1),
(18,	'SD',	0),
(19,	'SMP/SLTP',	0),
(20,	'SD Non Guru',	0),
(21,	'SMP Non Guru',	0),
(22,	'DPK Kecamatan',	0),
(23,	'Tata Usaha UPT',	0),
(24,	'Pengawas Pendidikan',	0),
(25,	'Sanggar Kegiatan Belajar',	0),
(26,	'Pos Dinas Kebakaran dan Penyelamatan',	0);

DROP TABLE IF EXISTS `m_opd`;
CREATE TABLE `m_opd` (
  `id` int(11) NOT NULL AUTO_INCREMENT,
  `jenis_opd_id` int(11) NOT NULL,
  `nama_opd` varchar(255) NOT NULL,
  `slug` varchar(255) NOT NULL,
  PRIMARY KEY (`id`)
) ENGINE=InnoDB DEFAULT CHARSET=utf8;

INSERT INTO `m_opd` (`id`, `jenis_opd_id`, `nama_opd`, `slug`) VALUES
(1,	4,	'DINAS KOMUNIKASI, INFORMATIKA DAN STATISTIK',	'kominfo'),
(2,	4,	'Dinas Perhubungan',	'perhubungan'),
(3,	4,	'Dinas Pendidikan, Kepemudaan dan Olah Raga',	'dikpora'),
(4,	4,	'Dinas Koperasi, Usaha Kecil Menengah dan Perdagangan',	'koperindag'),
(5,	4,	'Dinas Perindustrian Dan Tenaga Kerja',	'disnaker'),
(6,	5,	'Badan Penelitian dan Pengembangan',	'balitbang'),
(7,	4,	'Dinas Sosial',	'sosial'),
(8,	5,	'Badan Pengelola Keuangan dan Aset Daerah',	'bpkad'),
(9,	5,	'BADAN KEPEGAWAIAN DAERAH',	'bkd'),
(10,	4,	'Dinas Pekerjaan Umum dan Penataan Ruang',	'pupr'),
(11,	5,	'Badan Pendapatan Daerah / Pasedahan Agung',	'bapenda'),
(12,	4,	'Dinas Penanaman Modal Dan Pelayanan Terpadu Satu Pintu',	'bpmptsp'),
(13,	5,	'Badan Perencanaan Pembangunan Daerah',	'bappeda'),
(14,	4,	'Dinas Kesehatan',	'dikes'),
(15,	4,	'Dinas Kependudukan dan Pencatatan Sipil',	'disdukcapil'),
(16,	4,	'Dinas Lingkungan Hidup dan Kebersihan',	'dlhk'),
(17,	4,	'Dinas Perumahan Rakyat dan Kawasan Permukiman',	'disperkim'),
(18,	6,	'Kecamatan Kuta',	'kuta'),
(19,	4,	'Dinas Kebudayaan',	'kebudayaan'),
(20,	4,	'Dinas Perikanan',	'perikanan'),
(21,	4,	'Dinas Pariwisata',	'pariwisata'),
(22,	3,	'Inspektorat',	'inspektorat'),
(23,	2,	'Sekretariat Dewan Perwakilan Rakyat Daerah',	'sekwan'),
(24,	4,	'Dinas Pemberdayaan Masyarakat dan Desa',	'pmd'),
(25,	4,	'Dinas Pengendalian Penduduk, Keluarga Berencana, Pemberdayaan Perempuan dan Perlindungan Anak',	'ppkbpppa'),
(26,	1,	'Sekretariat Daerah',	'setda'),
(27,	4,	'Dinas Kebakaran dan Penyelamatan',	'damkar'),
(28,	4,	'Satuan Polisi Pamong Praja',	'satpolpp'),
(29,	4,	'Dinas Pertanian dan Pangan',	'pertanian'),
(30,	4,	'Dinas Kearsipan dan Perpustakaan',	'arsip'),
(31,	7,	'Rumah Sakit Umum Daerah Mangusada',	'rsud'),
(32,	5,	'Badan Kesatuan Bangsa dan Politik',	'kesbangpol'),
(33,	5,	'Badan Penanggulangan Bencana Daerah',	'bppd'),
(34,	6,	'Kecamatan Kuta Utara',	'kutautara'),
(35,	6,	'Kecamatan Kuta Selatan',	'kutaselatan'),
(36,	6,	'Kecamatan Mengwi',	'mengwi'),
(37,	6,	'Kecamatan Abiansemal',	'abiansemal'),
(38,	6,	'Kecamatan Petang',	'petang');

DROP TABLE IF EXISTS `m_pegawai`;
CREATE TABLE `m_pegawai` (
  `id` int(11) NOT NULL AUTO_INCREMENT,
  `nip` varchar(20) DEFAULT NULL,
  `nama` varchar(255) NOT NULL,
  `gelar_depan` varchar(20) DEFAULT NULL,
  `gelar_belakang` varchar(20) DEFAULT NULL,
  `tempat_lahir` varchar(255) DEFAULT NULL,
  `tgl_lahir` date DEFAULT NULL,
  `jenis_kelamin` enum('L','P') DEFAULT NULL,
  `golongan_darah` int(11) DEFAULT NULL,
  `status_pernikahan` int(11) DEFAULT NULL,
  `alamat` text,
  `telp1` varchar(50) DEFAULT NULL,
  `telp2` varchar(50) DEFAULT NULL,
  `handphone` varchar(50) DEFAULT NULL,
  `imei` varchar(100) DEFAULT NULL,
  `email` varchar(255) DEFAULT NULL,
  `tinggi_badan` int(11) DEFAULT NULL,
  `berat_badan` int(11) DEFAULT NULL,
  `no_ktp` varchar(16) DEFAULT NULL,
  `scan_ktp` varchar(255) DEFAULT NULL,
  `no_kk` varchar(20) DEFAULT NULL,
  `scan_kk` varchar(255) DEFAULT NULL,
  `no_karpeg` varchar(50) DEFAULT NULL,
  `scan_karpeg` varchar(255) DEFAULT NULL,
  `no_askes` varchar(50) DEFAULT NULL,
  `scan_askes` varchar(255) DEFAULT NULL,
  `no_taspen` varchar(50) DEFAULT NULL,
  `scan_taspen` varchar(255) DEFAULT NULL,
  `npwp` varchar(45) DEFAULT NULL,
  `scan_npwp` varchar(255) DEFAULT NULL,
  `no_karis_karsu` varchar(45) DEFAULT NULL,
  `scan_karis_karsu` varchar(255) DEFAULT NULL,
  `no_korpri` varchar(45) DEFAULT NULL,
  `scan_korpri` varchar(255) DEFAULT NULL,
  `id_status_pegawai` int(11) DEFAULT NULL,
  `created_at` timestamp NULL DEFAULT CURRENT_TIMESTAMP,
  `updated_at` timestamp NULL DEFAULT CURRENT_TIMESTAMP ON UPDATE CURRENT_TIMESTAMP,
  `last_r_jabatan` int(255) DEFAULT NULL,
  `last_r_kepangkatan` int(255) DEFAULT NULL,
  `last_r_pendidikan` int(255) DEFAULT NULL,
  `foto` varchar(255) DEFAULT NULL,
  `allow_mobile` tinyint(4) NOT NULL DEFAULT '0',
  `allow_rekap` int(11) NOT NULL DEFAULT '0',
  `absen_luar` tinyint(4) NOT NULL DEFAULT '0',
  `kadis` int(11) NOT NULL DEFAULT '0',
  `approved_at` timestamp NULL DEFAULT CURRENT_TIMESTAMP,
  PRIMARY KEY (`id`)
) ENGINE=InnoDB DEFAULT CHARSET=utf8;

INSERT INTO `m_pegawai` (`id`, `nip`, `nama`, `gelar_depan`, `gelar_belakang`, `tempat_lahir`, `tgl_lahir`, `jenis_kelamin`, `golongan_darah`, `status_pernikahan`, `alamat`, `telp1`, `telp2`, `handphone`, `imei`, `email`, `tinggi_badan`, `berat_badan`, `no_ktp`, `scan_ktp`, `no_kk`, `scan_kk`, `no_karpeg`, `scan_karpeg`, `no_askes`, `scan_askes`, `no_taspen`, `scan_taspen`, `npwp`, `scan_npwp`, `no_karis_karsu`, `scan_karis_karsu`, `no_korpri`, `scan_korpri`, `id_status_pegawai`, `created_at`, `updated_at`, `last_r_jabatan`, `last_r_kepangkatan`, `last_r_pendidikan`, `foto`, `allow_mobile`, `allow_rekap`, `absen_luar`, `kadis`, `approved_at`) VALUES
(1,	'196201131986031018',	'I GEDE NYOMAN SUWECA',	NULL,	'S.SOS',	'DENPASAR',	'1962-01-13',	'L',	NULL,	NULL,	'JALAN PULAU SELAYAR NO.26 DENPASAR BARAT',	NULL,	NULL,	'08123456',	'0000000000',	NULL,	NULL,	NULL,	NULL,	NULL,	NULL,	NULL,	NULL,	NULL,	NULL,	NULL,	NULL,	NULL,	NULL,	NULL,	NULL,	NULL,	NULL,	NULL,	4,	'2019-10-21 01:44:27',	'2019-10-24 10:23:02',	1,	NULL,	NULL,	NULL,	1,	0,	0,	0,	'2019-10-21 01:44:27'),
(2,	'196303101990021005',	'I WAYAN KAJENG',	NULL,	'SE',	'TANGKUP, KARANGASEM',	'1963-03-10',	'L',	NULL,	NULL,	'GRIYA MANGGALA I NO.15 SADING SEMPIDI',	NULL,	NULL,	'085237343413',	'0000000000',	NULL,	NULL,	NULL,	NULL,	NULL,	NULL,	NULL,	NULL,	NULL,	NULL,	NULL,	NULL,	NULL,	NULL,	NULL,	NULL,	NULL,	NULL,	NULL,	4,	'2019-10-21 01:47:48',	'2019-10-25 03:10:28',	2,	NULL,	NULL,	NULL,	1,	0,	0,	0,	'2019-10-21 01:47:48'),
(3,	'196406181987021003',	'MADE ADY MASTIKA',	'DRS',	NULL,	'BULELENG',	'1964-06-18',	'L',	NULL,	NULL,	'PERUM KOPERTIS JL. GUTISWA I/24',	NULL,	NULL,	'085205511100',	'0000000000',	NULL,	NULL,	NULL,	NULL,	NULL,	NULL,	NULL,	NULL,	NULL,	NULL,	NULL,	NULL,	NULL,	NULL,	NULL,	NULL,	NULL,	NULL,	NULL,	4,	'2019-10-21 01:48:49',	'2019-10-25 03:23:00',	3,	NULL,	NULL,	NULL,	1,	0,	0,	0,	'2019-10-21 01:48:49'),
(4,	'196408251986031026',	'I KETUT PUTRU',	NULL,	'SH',	'SADING',	'1964-08-25',	'L',	NULL,	NULL,	'JLN. RAYA SADING NO. 59',	NULL,	NULL,	'081338625801',	'0000000000',	NULL,	NULL,	NULL,	NULL,	NULL,	NULL,	NULL,	NULL,	NULL,	NULL,	NULL,	NULL,	NULL,	NULL,	NULL,	NULL,	NULL,	NULL,	NULL,	4,	'2019-10-21 01:49:52',	'2019-10-25 00:59:53',	4,	NULL,	NULL,	NULL,	1,	0,	0,	0,	'2019-10-21 01:49:52'),
(5,	'196506011992031001',	'KETUT LIHADNYANA	',	'IR',	'M.M.A	',	'SINGARAJA',	'1965-06-01',	'L',	NULL,	NULL,	'JL. NUANSA KORI  BARAT VI NO.20 UBUNG KAJA-DENPASAR',	NULL,	NULL,	'08111111111',	'0000000000',	NULL,	NULL,	NULL,	NULL,	NULL,	NULL,	NULL,	NULL,	NULL,	NULL,	NULL,	NULL,	NULL,	NULL,	NULL,	NULL,	NULL,	NULL,	NULL,	4,	'2019-10-21 01:51:27',	'2019-10-24 08:07:58',	5,	NULL,	NULL,	NULL,	1,	1,	0,	1,	'2019-10-21 01:51:27'),
(6,	'196707121992021003',	'I MADE BADRA',	NULL,	'SH.,MH',	'KESIMAN DENPASAR TIMUR',	'1967-07-12',	'L',	NULL,	NULL,	'J. NOJA I  NO. 15  A DENPASAR',	NULL,	NULL,	'081353011567',	'0000000000',	NULL,	NULL,	NULL,	NULL,	NULL,	NULL,	NULL,	NULL,	NULL,	NULL,	NULL,	NULL,	NULL,	NULL,	NULL,	NULL,	NULL,	NULL,	NULL,	4,	'2019-10-21 01:52:27',	'2019-10-30 03:03:17',	6,	NULL,	NULL,	NULL,	1,	0,	0,	0,	'2019-10-21 01:52:27'),
(7,	'196810232000032005',	'NI MADE WAHYUNI',	NULL,	'S.SOS',	'DENPASAR',	'1968-10-23',	'P',	NULL,	NULL,	'JL. COKROAMINOTO GG. MELATI 2DENPASAR',	NULL,	NULL,	'081338123665',	'0000000000',	NULL,	NULL,	NULL,	NULL,	NULL,	NULL,	NULL,	NULL,	NULL,	NULL,	NULL,	NULL,	NULL,	NULL,	NULL,	NULL,	NULL,	NULL,	NULL,	4,	'2019-10-21 01:53:39',	'2019-10-29 01:04:47',	7,	NULL,	NULL,	NULL,	1,	0,	0,	0,	'2019-10-21 01:53:39'),
(8,	'196910281997031007',	'ANAK AGUNG NGURAH MANIK DUANTARA	',	NULL,	'SH',	'DENPASAR',	'1969-10-28',	'L',	NULL,	NULL,	'JL. WR. SUPRATMAN 179 DENPASAR',	NULL,	NULL,	'081916181045',	'0000000000',	NULL,	NULL,	NULL,	NULL,	NULL,	NULL,	NULL,	NULL,	NULL,	NULL,	NULL,	NULL,	NULL,	NULL,	NULL,	NULL,	NULL,	NULL,	NULL,	4,	'2019-10-21 01:54:29',	'2019-10-25 02:58:00',	8,	NULL,	NULL,	NULL,	1,	0,	0,	0,	'2019-10-21 01:54:29'),
(9,	'196912311993031084',	'I NYOMAN SANDYASA',	NULL,	'S.SOS',	'BR. KEPITU GIANYAR',	'1969-12-31',	'L',	NULL,	NULL,	'BR. KEPITU, DESA KENDERAN, KECAMATAN TEGALLALANG.',	NULL,	NULL,	'087761591469',	'0000000000',	NULL,	NULL,	NULL,	NULL,	NULL,	NULL,	NULL,	NULL,	NULL,	NULL,	NULL,	NULL,	NULL,	NULL,	NULL,	NULL,	NULL,	NULL,	NULL,	4,	'2019-10-21 01:55:30',	'2019-10-29 10:37:43',	9,	NULL,	NULL,	NULL,	1,	0,	0,	0,	'2019-10-21 01:55:30'),
(10,	'197012111998031005',	'I WAYAN EKADINA',	NULL,	'S.E., M.SI.',	'DENPASAR',	'1970-12-11',	'L',	NULL,	NULL,	'JL. GUNUNG LUMUT NO. 17 DENPASAR',	NULL,	NULL,	NULL,	NULL,	NULL,	NULL,	NULL,	NULL,	NULL,	NULL,	NULL,	NULL,	NULL,	NULL,	NULL,	NULL,	NULL,	NULL,	NULL,	NULL,	NULL,	NULL,	NULL,	4,	'2019-10-21 01:56:26',	'2019-10-24 13:39:12',	10,	NULL,	NULL,	NULL,	1,	0,	0,	0,	'2019-10-21 01:56:26'),
(11,	'197101171991011003',	'I KOMANG MASTIKA',	NULL,	'S.SOS, M.SI',	'BEBANDEM',	'1971-01-17',	'L',	NULL,	NULL,	'JL. SIULAN PERUM SEKAR GUNUNG 105 DENPASAR',	NULL,	NULL,	NULL,	NULL,	NULL,	NULL,	NULL,	NULL,	NULL,	NULL,	NULL,	NULL,	NULL,	NULL,	NULL,	NULL,	NULL,	NULL,	NULL,	NULL,	NULL,	NULL,	NULL,	4,	'2019-10-21 01:57:48',	'2019-10-24 13:39:16',	11,	NULL,	NULL,	NULL,	1,	0,	0,	0,	'2019-10-21 01:57:48'),
(12,	'197103032009012001',	'IDA AYU PUTU PUSPAWATI',	NULL,	NULL,	'BAHA, BADUNG',	'1971-03-03',	'P',	NULL,	NULL,	'JL. JAYAGIRI XXI B NO. 6 DENPASAR',	NULL,	NULL,	'085858759804',	'0000000000',	NULL,	NULL,	NULL,	NULL,	NULL,	NULL,	NULL,	NULL,	NULL,	NULL,	NULL,	NULL,	NULL,	NULL,	NULL,	NULL,	NULL,	NULL,	NULL,	4,	'2019-10-21 01:59:10',	'2019-10-25 02:39:30',	12,	NULL,	NULL,	NULL,	1,	0,	0,	0,	'2019-10-21 01:59:10'),
(13,	'197108282007012015',	'NI WAYAN INDRA ARIASIH',	NULL,	'S.SOS',	'NEGARA',	'1971-08-28',	'P',	NULL,	NULL,	'JL. RAYA SESETAN GG. KELAPA NO. 6 DENPASAR',	NULL,	NULL,	'081936022594',	'0000000000',	NULL,	NULL,	NULL,	NULL,	NULL,	NULL,	NULL,	NULL,	NULL,	NULL,	NULL,	NULL,	NULL,	NULL,	NULL,	NULL,	NULL,	NULL,	NULL,	4,	'2019-10-21 02:00:13',	'2019-10-25 02:37:08',	13,	NULL,	NULL,	NULL,	1,	0,	0,	0,	'2019-10-21 02:00:13'),
(14,	'197109181998031006',	'R. AGUS SUBAGIO M.',	NULL,	NULL,	'DENPASAR',	'1971-09-18',	'L',	NULL,	NULL,	'JL. JEMPIRING NO. 23 DENPASAR',	NULL,	NULL,	'081237550835',	'0000000000',	NULL,	NULL,	NULL,	NULL,	NULL,	NULL,	NULL,	NULL,	NULL,	NULL,	NULL,	NULL,	NULL,	NULL,	NULL,	NULL,	NULL,	NULL,	NULL,	4,	'2019-10-21 02:01:13',	'2019-10-29 00:48:40',	14,	NULL,	NULL,	NULL,	1,	0,	0,	0,	'2019-10-21 02:01:13'),
(15,	'197202011996031003',	'I MADE RAI ARTHA',	NULL,	'SE.,ME',	'DENPASAR',	'1972-02-01',	'L',	NULL,	NULL,	'JL.SENTANU NO.15 DENPASAR',	NULL,	NULL,	'085100576188',	'0000000000',	NULL,	NULL,	NULL,	NULL,	NULL,	NULL,	NULL,	NULL,	NULL,	NULL,	NULL,	NULL,	NULL,	NULL,	NULL,	NULL,	NULL,	NULL,	NULL,	4,	'2019-10-21 02:02:16',	'2019-10-25 02:45:49',	15,	NULL,	NULL,	NULL,	1,	0,	0,	0,	'2019-10-21 02:02:16'),
(16,	'197207182008012009',	'I GUSTI AYU RATNA SUMBAWATI',	NULL,	'SE',	'KEDIRI,JAWA TIMUR	',	'1972-07-18',	'P',	NULL,	NULL,	'ASRAMA POLISI JL. PULAU RIAU NO. 44 SANGLAH',	NULL,	NULL,	'0818566127',	'0000000000',	NULL,	NULL,	NULL,	NULL,	NULL,	NULL,	NULL,	NULL,	NULL,	NULL,	NULL,	NULL,	NULL,	NULL,	NULL,	NULL,	NULL,	NULL,	NULL,	4,	'2019-10-21 02:03:13',	'2019-10-25 02:40:23',	16,	NULL,	NULL,	NULL,	1,	0,	0,	0,	'2019-10-21 02:03:13'),
(17,	'197312291996032001',	'NI KETUT KUNTARINI',	NULL,	NULL,	'JEMBRANA',	'1973-12-29',	'P',	NULL,	NULL,	'JL. TUKAD PANCORAN IV/A.4 NO 28 PANJER',	NULL,	NULL,	'081252986691',	'0000000000',	NULL,	NULL,	NULL,	NULL,	NULL,	NULL,	NULL,	NULL,	NULL,	NULL,	NULL,	NULL,	NULL,	NULL,	NULL,	NULL,	NULL,	NULL,	NULL,	4,	'2019-10-21 02:04:15',	'2019-10-25 02:33:33',	17,	NULL,	NULL,	NULL,	1,	0,	0,	0,	'2019-10-21 02:04:15'),
(18,	'197312312008011046',	'I NENGAH KARIYASA',	NULL,	'SE',	'DENPASAR',	'1973-12-31',	'L',	NULL,	NULL,	'JL. CEKOMARIA PERUM KOPERTIS GG. V NO. 6 DENPASAR',	NULL,	NULL,	'08123815218',	'0000000000',	NULL,	NULL,	NULL,	NULL,	NULL,	NULL,	NULL,	NULL,	NULL,	NULL,	NULL,	NULL,	NULL,	NULL,	NULL,	NULL,	NULL,	NULL,	NULL,	4,	'2019-10-21 02:05:20',	'2019-10-25 03:13:56',	18,	NULL,	NULL,	NULL,	1,	0,	0,	0,	'2019-10-21 02:05:20'),
(19,	'197410122009011011',	'I KADEK SUPARTA UTAMA',	NULL,	NULL,	'DENPASAR',	'1974-10-12',	'L',	NULL,	NULL,	'JALAN TUKAD BANYUSARI GANG I NO 4 DENPASAR',	NULL,	NULL,	'081353150739',	'0000000000',	NULL,	NULL,	NULL,	NULL,	NULL,	NULL,	NULL,	NULL,	NULL,	NULL,	NULL,	NULL,	NULL,	NULL,	NULL,	NULL,	NULL,	NULL,	NULL,	4,	'2019-10-21 02:06:36',	'2019-10-25 03:28:29',	19,	NULL,	NULL,	NULL,	1,	0,	0,	0,	'2019-10-21 02:06:36'),
(20,	'197611082008012015',	'NI MADE RISMAYANI',	NULL,	NULL,	'PADANGSAMBIAN, DENPASAR',	'1976-11-08',	'P',	NULL,	NULL,	'JL. GUNUNG AGUNG GG. INDUS NO. 33 DENPASAR',	NULL,	NULL,	'085738186662',	'0000000000',	NULL,	NULL,	NULL,	NULL,	NULL,	NULL,	NULL,	NULL,	NULL,	NULL,	NULL,	NULL,	NULL,	NULL,	NULL,	NULL,	NULL,	NULL,	NULL,	4,	'2019-10-21 02:07:27',	'2019-10-25 02:37:27',	20,	NULL,	NULL,	NULL,	1,	0,	0,	0,	'2019-10-21 02:07:27'),
(21,	'197705152010012004',	'NI KOMANG DEWI TARIYENI',	NULL,	'SE',	'MANIKLIYU	',	'1977-05-15',	'P',	NULL,	NULL,	'JL. DEWI SRI GG SALAK IB BATUBULAN',	NULL,	NULL,	'081936020844',	'0000000000',	NULL,	NULL,	NULL,	NULL,	NULL,	NULL,	NULL,	NULL,	NULL,	NULL,	NULL,	NULL,	NULL,	NULL,	NULL,	NULL,	NULL,	NULL,	NULL,	4,	'2019-10-21 02:08:35',	'2019-10-25 05:12:27',	21,	NULL,	NULL,	NULL,	1,	0,	0,	0,	'2019-10-21 02:08:35'),
(22,	'197707012011012004',	'NI MADE WITAWIDIANI SURYADEWI',	NULL,	'S.KOM',	'TABANAN',	'1977-07-01',	'P',	NULL,	NULL,	'JL. TUKAD YEH PENET NO. 19 RENON DENPASAR',	NULL,	NULL,	'081238902307',	'0000000000',	NULL,	NULL,	NULL,	NULL,	NULL,	NULL,	NULL,	NULL,	NULL,	NULL,	NULL,	NULL,	NULL,	NULL,	NULL,	NULL,	NULL,	NULL,	NULL,	4,	'2019-10-21 02:09:43',	'2019-10-25 05:43:07',	22,	NULL,	NULL,	NULL,	1,	0,	0,	0,	'2019-10-21 02:09:43'),
(23,	'197710211998031002',	'DEWA PUTU ANOM PUTRA',	NULL,	'S.PSI. M.SI',	'PEMBUNGAN',	'1977-10-21',	'L',	NULL,	NULL,	'JL. MT HARYONO NO. 2 DENPASAR',	NULL,	NULL,	'081237792828',	'0000000000',	NULL,	NULL,	NULL,	NULL,	NULL,	NULL,	NULL,	NULL,	NULL,	NULL,	NULL,	NULL,	NULL,	NULL,	NULL,	NULL,	NULL,	NULL,	NULL,	4,	'2019-10-21 02:12:18',	'2019-10-25 04:35:01',	23,	NULL,	NULL,	NULL,	1,	0,	0,	0,	'2019-10-21 02:12:18'),
(24,	'197803052008022001',	'SAGUNG ARIE VADIDA RAKA',	NULL,	'SE.AK.M.M',	'DENPASAR',	'1978-03-05',	'P',	NULL,	NULL,	'JLN. DUKUH SARI GG. KALIASEM NO. 53 SESETAN DENPASAR',	NULL,	NULL,	'087866166370',	'0000000000',	NULL,	NULL,	NULL,	NULL,	NULL,	NULL,	NULL,	NULL,	NULL,	NULL,	NULL,	NULL,	NULL,	NULL,	NULL,	NULL,	NULL,	NULL,	NULL,	4,	'2019-10-21 02:13:16',	'2019-10-25 02:37:15',	24,	NULL,	NULL,	NULL,	1,	0,	0,	0,	'2019-10-21 02:13:16'),
(25,	'197906182010011004',	'IDA BAGUS AGUNG SANTHYASA',	NULL,	'SH',	'JAKARTA',	'1979-06-18',	'L',	NULL,	NULL,	'JL. ASTASURA GG. VI/6 DENPASAR',	NULL,	NULL,	'082146268080',	'0000000000',	NULL,	NULL,	NULL,	NULL,	NULL,	NULL,	NULL,	NULL,	NULL,	NULL,	NULL,	NULL,	NULL,	NULL,	NULL,	NULL,	NULL,	NULL,	NULL,	4,	'2019-10-21 02:14:31',	'2019-10-25 02:43:08',	25,	NULL,	NULL,	NULL,	1,	0,	0,	0,	'2019-10-21 02:14:31'),
(26,	'197910102010011009',	'I NYOMAN SELAMET ADI PUTRA',	NULL,	'SE',	'BR. BINOH KAJA',	'1979-10-10',	'L',	NULL,	NULL,	'JL. TOH JAYA NO. 9 BINOH KAJA, DENPASAR',	NULL,	NULL,	'081246126991',	'0000000000',	NULL,	NULL,	NULL,	NULL,	NULL,	NULL,	NULL,	NULL,	NULL,	NULL,	NULL,	NULL,	NULL,	NULL,	NULL,	NULL,	NULL,	NULL,	NULL,	4,	'2019-10-21 02:15:19',	'2019-10-25 02:37:24',	26,	NULL,	NULL,	NULL,	1,	0,	0,	0,	'2019-10-21 02:15:19'),
(27,	'198005132009011007',	'GUSTI PUTU SUKA RIYANTA',	NULL,	NULL,	'DENPASAR',	'1980-05-13',	'L',	NULL,	NULL,	'JALAN GUNUNG AGUNG GG II K/V NO 9 DENPASAR',	NULL,	NULL,	'081337328544',	'0000000000',	NULL,	NULL,	NULL,	NULL,	NULL,	NULL,	NULL,	NULL,	NULL,	NULL,	NULL,	NULL,	NULL,	NULL,	NULL,	NULL,	NULL,	NULL,	NULL,	4,	'2019-10-21 02:17:27',	'2019-10-25 03:11:56',	27,	NULL,	NULL,	NULL,	1,	0,	0,	0,	'2019-10-21 02:17:27'),
(28,	'198103252010012004',	'GUSTI AYU KETUT UDAYANI',	NULL,	NULL,	'MAMBAL, BADUNG',	'1981-03-25',	'P',	NULL,	NULL,	'JL. JAYAGIRI XXNO. 7 DENPASAR',	NULL,	NULL,	'083115580052',	'0000000000',	NULL,	NULL,	NULL,	NULL,	NULL,	NULL,	NULL,	NULL,	NULL,	NULL,	NULL,	NULL,	NULL,	NULL,	NULL,	NULL,	NULL,	NULL,	NULL,	4,	'2019-10-21 02:18:15',	'2019-10-25 03:23:35',	28,	NULL,	NULL,	NULL,	1,	0,	0,	0,	'2019-10-21 02:18:15'),
(29,	'198105282006041010',	'I GEDE NGURAH ESA MAHA PUTRA',	NULL,	'ST., MM',	'DENPASAR',	'1981-05-28',	'L',	NULL,	NULL,	'JL. TUNGGUL AMETUNG IIC NO.1',	NULL,	NULL,	'082247254189',	'0000000000',	NULL,	NULL,	NULL,	NULL,	NULL,	NULL,	NULL,	NULL,	NULL,	NULL,	NULL,	NULL,	NULL,	NULL,	NULL,	NULL,	NULL,	NULL,	NULL,	4,	'2019-10-21 02:19:02',	'2019-10-26 03:20:30',	29,	NULL,	NULL,	NULL,	1,	0,	0,	0,	'2019-10-21 02:19:02'),
(30,	'198306182002122001',	'NI PUTU KARMA JUNIARI',	NULL,	'S.STP., M.SI',	'DENPASAR',	'1983-06-18',	'P',	NULL,	NULL,	'JL. BUKIT TUNGGAL III/10 PEMECUTAN DENPASAR',	NULL,	NULL,	'085738144360',	'0000000000',	NULL,	NULL,	NULL,	NULL,	NULL,	NULL,	NULL,	NULL,	NULL,	NULL,	NULL,	NULL,	NULL,	NULL,	NULL,	NULL,	NULL,	NULL,	NULL,	4,	'2019-10-21 02:19:57',	'2019-10-25 03:04:16',	30,	NULL,	NULL,	NULL,	1,	0,	0,	0,	'2019-10-21 02:19:57'),
(31,	'198410122008022002',	'ANAK AGUNG AYU FRIDA OCTAVIANTI',	NULL,	'S.S.',	'DENPASAR',	'1984-10-12',	'P',	NULL,	NULL,	'JL. TUKAD PANCORAN IV GRAHA PANCORAN BLOK B NO. 9 DENPASAR',	NULL,	NULL,	'085100680709',	'0000000000',	NULL,	NULL,	NULL,	NULL,	NULL,	NULL,	NULL,	NULL,	NULL,	NULL,	NULL,	NULL,	NULL,	NULL,	NULL,	NULL,	NULL,	NULL,	NULL,	4,	'2019-10-21 02:21:19',	'2019-10-25 03:06:00',	31,	NULL,	NULL,	NULL,	1,	0,	0,	0,	'2019-10-21 02:21:19'),
(32,	'198411042010011007',	'PUTU NATA IRAWAN',	NULL,	NULL,	'DENPASAR',	'1984-11-04',	'L',	NULL,	NULL,	'JL. AKASIA XVI GG WANI NO. 2 DENPASAR',	NULL,	NULL,	'081338774147',	'0000000000',	NULL,	NULL,	NULL,	NULL,	NULL,	NULL,	NULL,	NULL,	NULL,	NULL,	NULL,	NULL,	NULL,	NULL,	NULL,	NULL,	NULL,	NULL,	NULL,	4,	'2019-10-21 02:22:43',	'2019-10-25 02:43:57',	32,	NULL,	NULL,	NULL,	1,	0,	0,	0,	'2019-10-21 02:22:43'),
(33,	'198505112008041003',	'PUTU WIRYA KASTAWAN',	NULL,	'ST.,MT.',	'AMLAPURA, KARANGASEM',	'1985-05-11',	'L',	NULL,	NULL,	'JALAN SOKA GG KERTHAPURA I/3',	NULL,	NULL,	'081338737658',	'0000000000',	NULL,	NULL,	NULL,	NULL,	NULL,	NULL,	NULL,	NULL,	NULL,	NULL,	NULL,	NULL,	NULL,	NULL,	NULL,	NULL,	NULL,	NULL,	NULL,	4,	'2019-10-21 02:23:28',	'2019-10-25 02:46:30',	33,	NULL,	NULL,	NULL,	1,	0,	0,	0,	'2019-10-21 02:23:28'),
(34,	'198507302010011019',	'K. RESANTIKA PRABAWA P.',	NULL,	'SE',	'DENPASAR',	'1985-07-30',	'L',	NULL,	NULL,	'JL. GN. RESIMUKA BARAT I NO. 39X',	NULL,	NULL,	'081338888822',	'0000000000',	NULL,	NULL,	NULL,	NULL,	NULL,	NULL,	NULL,	NULL,	NULL,	NULL,	NULL,	NULL,	NULL,	NULL,	NULL,	NULL,	NULL,	NULL,	NULL,	4,	'2019-10-21 02:24:15',	'2019-10-25 02:59:16',	34,	NULL,	NULL,	NULL,	1,	0,	0,	0,	'2019-10-21 02:24:15'),
(35,	'198508222003121001',	'I MADE AGUS ASTA PANCA',	NULL,	'S.STP,M.PAR',	'DENPASAR',	'1985-08-22',	'L',	NULL,	NULL,	'JL. KEMUDA III NO. 4, BANJAR BANTAS',	NULL,	NULL,	'085238511135',	'0000000000',	NULL,	NULL,	NULL,	NULL,	NULL,	NULL,	NULL,	NULL,	NULL,	NULL,	NULL,	NULL,	NULL,	NULL,	NULL,	NULL,	NULL,	NULL,	NULL,	4,	'2019-10-21 02:25:31',	'2019-10-25 00:30:19',	35,	NULL,	NULL,	NULL,	1,	0,	0,	0,	'2019-10-21 02:25:31'),
(36,	'198509252006022002',	'KADEK ARIANI ARTHADEWI',	NULL,	'S.STP',	'TABANAN',	'1985-09-25',	'P',	NULL,	NULL,	'JL. TIRTA LEPANG I NO 14, KERTAJIWA, KESIMAN KERTELANGU, DENPASAR TIMUR',	NULL,	NULL,	'08997980421',	'0000000000',	NULL,	NULL,	NULL,	NULL,	NULL,	NULL,	NULL,	NULL,	NULL,	NULL,	NULL,	NULL,	NULL,	NULL,	NULL,	NULL,	NULL,	NULL,	NULL,	4,	'2019-10-21 02:26:45',	'2019-10-25 02:43:33',	36,	NULL,	NULL,	NULL,	1,	0,	0,	0,	'2019-10-21 02:26:45'),
(37,	'198610222004121001',	'I MADE MAHADI SANATANA',	'DR',	'S.STP , M.AP',	'TABANAN',	'1986-10-22',	'L',	NULL,	NULL,	'JL. RAYA SESETAN, GG. MARKISA PERUM NUANSA RAYA NO. 12',	NULL,	NULL,	'085237937904',	'0000000000',	NULL,	NULL,	NULL,	NULL,	NULL,	NULL,	NULL,	NULL,	NULL,	NULL,	NULL,	NULL,	NULL,	NULL,	NULL,	NULL,	NULL,	NULL,	NULL,	4,	'2019-10-21 02:27:39',	'2019-10-25 01:45:40',	37,	NULL,	NULL,	NULL,	1,	0,	0,	0,	'2019-10-21 02:27:39'),
(38,	'198704272006021002',	'IDA BAGUS GEDE PUTRA ADNYANA',	NULL,	'SSTP.MAP',	'SENGKIDING',	'1987-04-27',	'L',	NULL,	NULL,	'DS. SENGKIDING',	NULL,	NULL,	'081338985590',	'0000000000',	NULL,	NULL,	NULL,	NULL,	NULL,	NULL,	NULL,	NULL,	NULL,	NULL,	NULL,	NULL,	NULL,	NULL,	NULL,	NULL,	NULL,	NULL,	NULL,	4,	'2019-10-21 02:28:31',	'2019-10-26 02:51:04',	38,	NULL,	NULL,	NULL,	1,	0,	0,	0,	'2019-10-21 02:28:31'),
(39,	'198711182007011002',	'KOMANG NOPARIAWAN',	NULL,	'S.IP., MAP.',	'KAYUPUTIH',	'1987-11-18',	'L',	NULL,	NULL,	'BR. DINAS TABOG',	NULL,	NULL,	'081805652079',	'0000000000',	NULL,	NULL,	NULL,	NULL,	NULL,	NULL,	NULL,	NULL,	NULL,	NULL,	NULL,	NULL,	NULL,	NULL,	NULL,	NULL,	NULL,	NULL,	NULL,	4,	'2019-10-21 02:29:25',	'2019-10-25 00:30:20',	39,	NULL,	NULL,	NULL,	1,	0,	0,	0,	'2019-10-21 02:29:25'),
(40,	'199006192010101001',	'I PUTU HERY ARSHA SUCIPTA',	NULL,	'S.STP.,MAP',	'BELAH',	'1990-06-19',	'L',	NULL,	NULL,	'BANJAR BELAH',	NULL,	NULL,	'082236995585',	'0000000000',	NULL,	NULL,	NULL,	NULL,	NULL,	NULL,	NULL,	NULL,	NULL,	NULL,	NULL,	NULL,	NULL,	NULL,	NULL,	NULL,	NULL,	NULL,	NULL,	4,	'2019-10-21 02:30:13',	'2019-10-25 03:06:18',	40,	NULL,	NULL,	NULL,	1,	0,	0,	0,	'2019-10-21 02:30:13'),
(41,	'199011092010101001',	'AGUS SURYADARMA',	NULL,	'S.STP.,MAP',	'DENPASAR',	'1990-11-09',	'L',	NULL,	NULL,	'JL. DEWI SUPRABA I NO. 15 PEGUYANGAN KANGIN.',	NULL,	NULL,	'081916252624',	'0000000000',	NULL,	NULL,	NULL,	NULL,	NULL,	NULL,	NULL,	NULL,	NULL,	NULL,	NULL,	NULL,	NULL,	NULL,	NULL,	NULL,	NULL,	NULL,	NULL,	4,	'2019-10-21 02:31:13',	'2019-10-25 03:37:34',	41,	NULL,	NULL,	NULL,	1,	0,	0,	0,	'2019-10-21 02:31:13'),
(42,	'199011122010102001',	'NI MADE EVI DIPTA ARIANTI',	NULL,	'S.IP.,MAP.',	'KEDIRI',	'1990-11-12',	'P',	NULL,	NULL,	'JL. TENDEAN, BR. TANAH BANG',	NULL,	NULL,	'081999035457',	'0000000000',	NULL,	NULL,	NULL,	NULL,	NULL,	NULL,	NULL,	NULL,	NULL,	NULL,	NULL,	NULL,	NULL,	NULL,	NULL,	NULL,	NULL,	NULL,	NULL,	4,	'2019-10-21 02:32:05',	'2019-10-25 02:59:17',	42,	NULL,	NULL,	NULL,	1,	0,	0,	0,	'2019-10-21 02:32:05'),
(43,	'199012222010101001',	'I PUTU IRPAN EKA FERDIAN',	NULL,	'S.STP.,MAP',	'WAINGAPU, SUMBA TIMUR',	'1990-12-22',	'L',	NULL,	NULL,	'BANJAR DINAS BELUHU KANGIN',	NULL,	NULL,	'082359209698',	'0000000000',	NULL,	NULL,	NULL,	NULL,	NULL,	NULL,	NULL,	NULL,	NULL,	NULL,	NULL,	NULL,	NULL,	NULL,	NULL,	NULL,	NULL,	NULL,	NULL,	4,	'2019-10-21 02:32:52',	'2019-10-28 01:27:53',	43,	NULL,	NULL,	NULL,	1,	0,	0,	0,	'2019-10-21 02:32:52'),
(44,	'197204142001122004',	'NI KETUT MERI',	NULL,	'SE',	'MAWANG',	'1972-04-14',	'P',	NULL,	NULL,	'JLN SEROJA PERUM NINDYA INDAH NO 6 DENPASAR',	NULL,	NULL,	'08124808362',	'0000000000',	NULL,	NULL,	NULL,	NULL,	NULL,	NULL,	NULL,	NULL,	NULL,	NULL,	NULL,	NULL,	NULL,	NULL,	NULL,	NULL,	NULL,	NULL,	NULL,	4,	'2019-10-21 02:33:48',	'2019-10-25 03:04:36',	44,	NULL,	NULL,	NULL,	1,	0,	0,	0,	'2019-10-21 02:33:48'),
(45,	'197803022010011007	',	'I KOMANG REMIASA',	NULL,	NULL,	'KARANGASEM',	'1978-03-02',	'L',	NULL,	NULL,	'JLN.PLAWA NO.83 DENPASAR',	NULL,	NULL,	NULL,	NULL,	NULL,	NULL,	NULL,	NULL,	NULL,	NULL,	NULL,	NULL,	NULL,	NULL,	NULL,	NULL,	NULL,	NULL,	NULL,	NULL,	NULL,	NULL,	NULL,	4,	'2019-10-21 02:34:44',	'2019-10-24 13:41:59',	45,	NULL,	NULL,	NULL,	1,	0,	0,	0,	'2019-10-21 02:34:44'),
(46,	'198903022012061001',	'I WAYAN RASNA WINATA',	NULL,	'S.STP',	'DENPASAR',	'1989-03-02',	'L',	NULL,	NULL,	'LINK/BR. BLUNGBANG',	NULL,	NULL,	'082147454646',	'0000000000',	NULL,	NULL,	NULL,	NULL,	NULL,	NULL,	NULL,	NULL,	NULL,	NULL,	NULL,	NULL,	NULL,	NULL,	NULL,	NULL,	NULL,	NULL,	NULL,	4,	'2019-10-21 02:37:35',	'2019-10-29 07:34:04',	46,	NULL,	NULL,	NULL,	1,	0,	0,	0,	'2019-10-21 02:37:35'),
(47,	'199205082014061001',	'KADEK WRISABA',	NULL,	'S.STP',	'TANGGAHAN TENGAH ',	'1992-05-08',	'L',	NULL,	NULL,	'JL.CEMPAKA KUNING NO 32',	NULL,	NULL,	'08179760240',	'0000000000',	NULL,	NULL,	NULL,	NULL,	NULL,	NULL,	NULL,	NULL,	NULL,	NULL,	NULL,	NULL,	NULL,	NULL,	NULL,	NULL,	NULL,	NULL,	NULL,	4,	'2019-10-21 02:38:43',	'2019-10-25 02:37:32',	47,	NULL,	NULL,	NULL,	1,	0,	0,	0,	'2019-10-21 02:38:43'),
(48,	'199209112014061002',	'I MADE ADI JAYATAMA',	NULL,	'S.STP',	'JEGU TENGAH',	'1992-09-11',	'L',	NULL,	NULL,	'BR. DINAS JEGU TENGAH, JEGU, PENEBEL, TABANAN',	NULL,	NULL,	'085792216719',	'0000000000',	NULL,	NULL,	NULL,	NULL,	NULL,	NULL,	NULL,	NULL,	NULL,	NULL,	NULL,	NULL,	NULL,	NULL,	NULL,	NULL,	NULL,	NULL,	NULL,	4,	'2019-10-21 02:39:24',	'2019-10-29 00:08:03',	48,	NULL,	NULL,	NULL,	1,	0,	0,	0,	'2019-10-21 02:39:24'),
(49,	'199210092014062002',	'KADEK DWI HASTUTY RAHAYU',	NULL,	'S.IP.,MAP.',	'SINGARAJA',	'1992-10-09',	'P',	NULL,	NULL,	'DUSUN BINGIN BANJAH',	NULL,	NULL,	'081915696067',	'0000000000',	NULL,	NULL,	NULL,	NULL,	NULL,	NULL,	NULL,	NULL,	NULL,	NULL,	NULL,	NULL,	NULL,	NULL,	NULL,	NULL,	NULL,	NULL,	NULL,	4,	'2019-10-21 02:40:05',	'2019-10-25 02:55:51',	49,	NULL,	NULL,	NULL,	1,	0,	0,	0,	'2019-10-21 02:40:05'),
(50,	'199208052014061004',	'MD DWI AGASTYA INDRA PRASTA',	NULL,	'S.STP',	'DENPASAR',	'1992-08-05',	'L',	NULL,	NULL,	'JALAN JALAK PUTIH UTAMA NO. 9 SINGARAJA',	NULL,	NULL,	'087827592470',	'0000000000',	NULL,	NULL,	NULL,	NULL,	NULL,	NULL,	NULL,	NULL,	NULL,	NULL,	NULL,	NULL,	NULL,	NULL,	NULL,	NULL,	NULL,	NULL,	NULL,	4,	'2019-10-21 02:41:00',	'2019-10-25 03:16:55',	50,	NULL,	NULL,	NULL,	1,	0,	0,	0,	'2019-10-21 02:41:00'),
(51,	'197602222000032005',	'RENI ARLENI',	NULL,	'SE',	'CIMAHI',	'1976-02-22',	'P',	NULL,	NULL,	'JL. NUSA PENIDA NO.20',	NULL,	NULL,	'081937021302',	'0000000000',	NULL,	NULL,	NULL,	NULL,	NULL,	NULL,	NULL,	NULL,	NULL,	NULL,	NULL,	NULL,	NULL,	NULL,	NULL,	NULL,	NULL,	NULL,	NULL,	4,	'2019-10-21 02:41:39',	'2019-10-25 06:41:26',	51,	NULL,	NULL,	NULL,	1,	0,	0,	0,	'2019-10-21 02:41:39'),
(52,	'199003102015032004',	'MADE YUSTISA PUTRI WIYATNA',	NULL,	'SE',	'DENPASAR',	'1990-03-10',	'P',	NULL,	NULL,	'JL. ANTASURA GG. BATUSARI I NO 1 DENPASAR',	NULL,	NULL,	'08174712170',	'0000000000',	NULL,	NULL,	NULL,	NULL,	NULL,	NULL,	NULL,	NULL,	NULL,	NULL,	NULL,	NULL,	NULL,	NULL,	NULL,	NULL,	NULL,	NULL,	NULL,	4,	'2019-10-21 02:42:40',	'2019-10-25 02:31:38',	52,	NULL,	NULL,	NULL,	1,	0,	0,	0,	'2019-10-21 02:42:40'),
(53,	'199112012014061001',	'PUTU SUMBER YASA',	NULL,	'S.STP',	'SINGARAJA',	'1991-12-01',	'L',	NULL,	NULL,	'JL. PATIH NAMBI XVI NO.5',	NULL,	NULL,	'081909008999',	'0000000000',	NULL,	NULL,	NULL,	NULL,	NULL,	NULL,	NULL,	NULL,	NULL,	NULL,	NULL,	NULL,	NULL,	NULL,	NULL,	NULL,	NULL,	NULL,	NULL,	4,	'2019-10-21 02:44:15',	'2019-10-25 02:44:59',	53,	NULL,	NULL,	NULL,	1,	0,	0,	0,	'2019-10-21 02:44:15'),
(54,	'199105312012062001',	'ASRI PUTRI SEKARSARI',	NULL,	'S.STP',	'SERANG',	'1991-05-31',	'P',	NULL,	NULL,	'BR. UMASEKA, ANTOSARI, SELEMADEG BARAT, TABANAN',	NULL,	NULL,	'08176464412',	'0000000000',	NULL,	NULL,	NULL,	NULL,	NULL,	NULL,	NULL,	NULL,	NULL,	NULL,	NULL,	NULL,	NULL,	NULL,	NULL,	NULL,	NULL,	NULL,	NULL,	4,	'2019-10-21 02:47:27',	'2019-10-25 03:19:39',	54,	NULL,	NULL,	NULL,	1,	0,	0,	0,	'2019-10-21 02:47:27'),
(55,	'199202122015072001',	'PUTU EKA FEBRI YANTINI',	NULL,	'S.STP',	'GIANYAR',	'1992-02-12',	'P',	NULL,	NULL,	'BTN CANDIDASA PERMAI NO 13 A',	NULL,	NULL,	'087861772922',	'0000000000',	NULL,	NULL,	NULL,	NULL,	NULL,	NULL,	NULL,	NULL,	NULL,	NULL,	NULL,	NULL,	NULL,	NULL,	NULL,	NULL,	NULL,	NULL,	NULL,	4,	'2019-10-21 02:48:13',	'2019-10-25 02:41:58',	55,	NULL,	NULL,	NULL,	1,	0,	0,	0,	'2019-10-21 02:48:13'),
(56,	'199203062015071001',	'SANG GEDE PURUSOTTAMA',	NULL,	'S.STP',	'PENINJOAN',	'1992-03-06',	'L',	NULL,	NULL,	'BANJAR PENINJOAN DESA PENINJOAN ',	NULL,	NULL,	'085210455451',	'0000000000',	NULL,	NULL,	NULL,	NULL,	NULL,	NULL,	NULL,	NULL,	NULL,	NULL,	NULL,	NULL,	NULL,	NULL,	NULL,	NULL,	NULL,	NULL,	NULL,	4,	'2019-10-21 02:49:06',	'2019-10-25 02:57:13',	56,	NULL,	NULL,	NULL,	1,	0,	0,	0,	'2019-10-21 02:49:06'),
(57,	'199111152015071002',	'KOMANG ERDITIO SANJAYA',	NULL,	'S.STP',	'DENPASAR',	'1991-11-15',	'L',	NULL,	NULL,	'JL NUANSA INDAH SELATAN III NO 5',	NULL,	NULL,	'087761440559',	'0000000000',	NULL,	NULL,	NULL,	NULL,	NULL,	NULL,	NULL,	NULL,	NULL,	NULL,	NULL,	NULL,	NULL,	NULL,	NULL,	NULL,	NULL,	NULL,	NULL,	4,	'2019-10-21 02:49:50',	'2019-10-25 10:58:11',	57,	NULL,	NULL,	NULL,	1,	0,	0,	0,	'2019-10-21 02:49:50'),
(58,	'199302072015072001',	'NI PUTU ULAN PADMAWATI',	NULL,	'S.STP',	'DENPASAR',	'1993-02-07',	'P',	NULL,	NULL,	'JL RADEN WIJAYA NO. 5A',	NULL,	NULL,	'08174745044',	'0000000000',	NULL,	NULL,	NULL,	NULL,	NULL,	NULL,	NULL,	NULL,	NULL,	NULL,	NULL,	NULL,	NULL,	NULL,	NULL,	NULL,	NULL,	NULL,	NULL,	4,	'2019-10-21 02:50:31',	'2019-10-25 03:31:50',	58,	NULL,	NULL,	NULL,	1,	0,	0,	0,	'2019-10-21 02:50:31'),
(59,	'199310162015071001',	'NGAKAN MADE OKA WIRAWAN',	NULL,	'S.STP',	'DENPASAR',	'1993-10-16',	'L',	NULL,	NULL,	'BTN POS SEKAR SANDAT BLOK A NO. 4',	NULL,	NULL,	'085858534223',	'0000000000',	NULL,	NULL,	NULL,	NULL,	NULL,	NULL,	NULL,	NULL,	NULL,	NULL,	NULL,	NULL,	NULL,	NULL,	NULL,	NULL,	NULL,	NULL,	NULL,	4,	'2019-10-21 02:51:20',	'2019-10-25 03:27:25',	59,	NULL,	NULL,	NULL,	1,	0,	0,	0,	'2019-10-21 02:51:20'),
(60,	'197612202011012003',	'NI KOMANG PUSPINI',	NULL,	'SE',	'KLUNGKUNG',	'1976-12-20',	'P',	NULL,	NULL,	'JL KASWARI GG I/4 DENPASAR',	NULL,	NULL,	'087861860767',	'0000000000',	NULL,	NULL,	NULL,	NULL,	NULL,	NULL,	NULL,	NULL,	NULL,	NULL,	NULL,	NULL,	NULL,	NULL,	NULL,	NULL,	NULL,	NULL,	NULL,	4,	'2019-10-21 02:52:07',	'2019-10-25 03:40:48',	60,	NULL,	NULL,	NULL,	1,	0,	0,	0,	'2019-10-21 02:52:07'),
(61,	'197406101998021003',	'DEWA KETUT RUKMA',	NULL,	'SE',	'MANGGIS',	'1974-06-10',	'L',	NULL,	NULL,	'JL. SEKAR TUNJUNG XVI, NO. 99B',	NULL,	NULL,	'081338293946',	'0000000000',	NULL,	NULL,	NULL,	NULL,	NULL,	NULL,	NULL,	NULL,	NULL,	NULL,	NULL,	NULL,	NULL,	NULL,	NULL,	NULL,	NULL,	NULL,	NULL,	4,	'2019-10-21 02:52:49',	'2019-10-28 00:04:00',	61,	NULL,	NULL,	NULL,	1,	0,	0,	0,	'2019-10-21 02:52:49'),
(62,	'199406062016091002',	'ALLEN SAMUEL POLI',	NULL,	'S.STP',	'TOMOHON',	'1994-06-06',	'L',	NULL,	NULL,	'JL. TUKAD CITARUM GANG.G NO.3',	NULL,	NULL,	NULL,	NULL,	NULL,	NULL,	NULL,	NULL,	NULL,	NULL,	NULL,	NULL,	NULL,	NULL,	NULL,	NULL,	NULL,	NULL,	NULL,	NULL,	NULL,	NULL,	NULL,	4,	'2019-10-21 02:53:39',	'2019-10-24 13:44:24',	62,	NULL,	NULL,	NULL,	1,	0,	0,	0,	'2019-10-21 02:53:39'),
(63,	'199509252017082002',	'NI KADEK AMRITA KIRANA DEWI',	NULL,	'S.STP',	'MATARAM',	'1995-09-25',	'P',	NULL,	NULL,	'JL. TUKAD PETANU GG BEKISAR NO 16',	NULL,	NULL,	'081221808706',	'0000000000',	NULL,	NULL,	NULL,	NULL,	NULL,	NULL,	NULL,	NULL,	NULL,	NULL,	NULL,	NULL,	NULL,	NULL,	NULL,	NULL,	NULL,	NULL,	NULL,	4,	'2019-10-21 02:54:22',	'2019-10-25 03:24:59',	63,	NULL,	NULL,	NULL,	1,	0,	0,	0,	'2019-10-21 02:54:22'),
(64,	'199412132016091001',	'ANDI AHFADH MUZAKKAR',	NULL,	'S.IP',	'UJUNG PANDANG	',	'1994-12-13',	'L',	NULL,	NULL,	'JALAN. SABE II, NO.1',	NULL,	NULL,	NULL,	NULL,	NULL,	NULL,	NULL,	NULL,	NULL,	NULL,	NULL,	NULL,	NULL,	NULL,	NULL,	NULL,	NULL,	NULL,	NULL,	NULL,	NULL,	NULL,	NULL,	4,	'2019-10-21 02:55:04',	'2019-10-24 13:44:35',	64,	NULL,	NULL,	NULL,	1,	0,	0,	0,	'2019-10-21 02:55:04'),
(65,	'199507242017081002',	'RACHMAD SURYA PRATAMA',	NULL,	'S.STP',	'BANYUWANGI',	'1995-07-24',	'L',	NULL,	NULL,	'JL. BIMA NO. 27, BANYUWANGI',	NULL,	NULL,	'081237234675',	'0000000000',	NULL,	NULL,	NULL,	NULL,	NULL,	NULL,	NULL,	NULL,	NULL,	NULL,	NULL,	NULL,	NULL,	NULL,	NULL,	NULL,	NULL,	NULL,	NULL,	4,	'2019-10-21 02:55:42',	'2019-10-25 03:39:27',	65,	NULL,	NULL,	NULL,	1,	0,	0,	0,	'2019-10-21 02:55:42'),
(66,	'195912151990031009',	'I NYOMAN SUJAYA',	'IR',	'MT',	'DENPASAR',	'1959-12-15',	'L',	NULL,	NULL,	'PERUM TEGAL WANGI ASRI DENPASAR SELATAN',	NULL,	NULL,	'08123456789',	'0000000000',	NULL,	NULL,	NULL,	NULL,	NULL,	NULL,	NULL,	NULL,	NULL,	NULL,	NULL,	NULL,	NULL,	NULL,	NULL,	NULL,	NULL,	NULL,	NULL,	4,	'2019-10-21 04:15:11',	'2019-10-24 07:35:02',	66,	NULL,	NULL,	NULL,	1,	1,	0,	1,	'2019-10-21 04:15:11'),
(67,	'196109201987102001',	'LUH INDRIASIH',	NULL,	'S.SOS',	'BANJAR TEGAL',	'1961-09-20',	'P',	NULL,	NULL,	'JL. KERJA RAHARJA VIII/86',	NULL,	NULL,	NULL,	NULL,	NULL,	NULL,	NULL,	NULL,	NULL,	NULL,	NULL,	NULL,	NULL,	NULL,	NULL,	NULL,	NULL,	NULL,	NULL,	NULL,	NULL,	NULL,	NULL,	4,	'2019-10-21 04:15:58',	'2019-10-24 13:44:45',	67,	NULL,	NULL,	NULL,	1,	0,	0,	0,	'2019-10-21 04:15:58'),
(68,	'196111041988021002',	'I GUSTI BAGUS KRESNO DWIPOYONO',	'DRS',	'M.Si',	'SURABAYA',	'1961-11-04',	'L',	NULL,	NULL,	'JL. NUANSA KORI 2A/57 DENPASAR',	NULL,	NULL,	NULL,	NULL,	NULL,	NULL,	NULL,	NULL,	NULL,	NULL,	NULL,	NULL,	NULL,	NULL,	NULL,	NULL,	NULL,	NULL,	NULL,	NULL,	NULL,	NULL,	NULL,	4,	'2019-10-21 04:16:53',	'2019-10-24 13:44:57',	68,	NULL,	NULL,	NULL,	1,	0,	0,	0,	'2019-10-21 04:16:53'),
(69,	'196201011988031035',	'AGUS SURYAWAN',	'IR',	'M.Si',	'DENPASAR',	'1962-01-01',	'L',	NULL,	NULL,	'BR TERATAI NO 30 DANGIN PURI KANGIN DENPASAR UTARA',	NULL,	NULL,	NULL,	NULL,	NULL,	NULL,	NULL,	NULL,	NULL,	NULL,	NULL,	NULL,	NULL,	NULL,	NULL,	NULL,	NULL,	NULL,	NULL,	NULL,	NULL,	NULL,	NULL,	4,	'2019-10-21 04:17:38',	'2019-10-24 13:45:25',	69,	NULL,	NULL,	NULL,	0,	0,	0,	0,	'2019-10-21 04:17:38'),
(70,	'196203071984031011',	'I MADE ADI GUNAWAN',	'DRS',	NULL,	'GULINGAN',	'1962-03-07',	'L',	NULL,	NULL,	'JALAN RAYA ANGGUNAN MENGWI BADUNG',	NULL,	NULL,	NULL,	NULL,	NULL,	NULL,	NULL,	NULL,	NULL,	NULL,	NULL,	NULL,	NULL,	NULL,	NULL,	NULL,	NULL,	NULL,	NULL,	NULL,	NULL,	NULL,	NULL,	4,	'2019-10-21 04:18:41',	'2019-10-24 13:45:21',	70,	NULL,	NULL,	NULL,	1,	0,	0,	0,	'2019-10-21 04:18:41'),
(71,	'196208041989032010	',	'NI NYOMAN ARTI',	NULL,	'SH',	'DENPASAR',	'1962-08-04',	'P',	NULL,	NULL,	'JL. P. MISOL 65 DPS',	NULL,	NULL,	NULL,	NULL,	NULL,	NULL,	NULL,	NULL,	NULL,	NULL,	NULL,	NULL,	NULL,	NULL,	NULL,	NULL,	NULL,	NULL,	NULL,	NULL,	NULL,	NULL,	NULL,	4,	'2019-10-21 04:19:32',	'2019-10-24 13:45:30',	71,	NULL,	NULL,	NULL,	1,	0,	0,	0,	'2019-10-21 04:19:32'),
(72,	'196208201989031010',	'I WAYAN SUARNA',	NULL,	'S.E., M.SI.',	'BR. KANGIN PANJER',	'1962-08-20',	'L',	NULL,	NULL,	'JL. TUNGGUL AMETUNG NO. 26 UBUNG KAJA-DENPASAR',	NULL,	NULL,	NULL,	NULL,	NULL,	NULL,	NULL,	NULL,	NULL,	NULL,	NULL,	NULL,	NULL,	NULL,	NULL,	NULL,	NULL,	NULL,	NULL,	NULL,	NULL,	NULL,	NULL,	4,	'2019-10-21 04:20:18',	'2019-10-24 13:45:33',	72,	NULL,	NULL,	NULL,	1,	0,	0,	0,	'2019-10-21 04:20:18'),
(73,	'196304011987011002',	'IDA BAGUS KETUT AGUNG LUDRA',	'DRS',	NULL,	'BANGLI',	'1963-04-01',	'L',	NULL,	NULL,	'PERUMAHAN PURI CANDRA ASRI BLOK G. 68 BATUBULAN',	NULL,	NULL,	NULL,	NULL,	NULL,	NULL,	NULL,	NULL,	NULL,	NULL,	NULL,	NULL,	NULL,	NULL,	NULL,	NULL,	NULL,	NULL,	NULL,	NULL,	NULL,	NULL,	NULL,	4,	'2019-10-21 04:20:58',	'2019-10-24 13:45:36',	73,	NULL,	NULL,	NULL,	1,	0,	0,	0,	'2019-10-21 04:20:58'),
(74,	'196306231983032007',	'NI MADE SANJIWARNI',	NULL,	'S.SOS',	'SINGARAJA',	'1963-06-23',	'P',	NULL,	NULL,	'JL. GN. LEMPUYANG I/24',	NULL,	NULL,	NULL,	NULL,	NULL,	NULL,	NULL,	NULL,	NULL,	NULL,	NULL,	NULL,	NULL,	NULL,	NULL,	NULL,	NULL,	NULL,	NULL,	NULL,	NULL,	NULL,	NULL,	4,	'2019-10-21 04:21:57',	'2019-10-24 13:45:39',	74,	NULL,	NULL,	NULL,	1,	0,	0,	0,	'2019-10-21 04:21:57'),
(75,	'196310281992032010',	'NI MADE SRI DHARMI',	'IR',	NULL,	'SINGARAJA',	'1963-10-28',	'P',	NULL,	NULL,	'JL. PATIH NAMBI XIX/20 DENPASAR',	NULL,	NULL,	NULL,	NULL,	NULL,	NULL,	NULL,	NULL,	NULL,	NULL,	NULL,	NULL,	NULL,	NULL,	NULL,	NULL,	NULL,	NULL,	NULL,	NULL,	NULL,	NULL,	NULL,	4,	'2019-10-21 04:22:40',	'2019-10-24 13:45:42',	75,	NULL,	NULL,	NULL,	1,	0,	0,	0,	'2019-10-21 04:22:40'),
(76,	'196312312000031046',	'I MADE SITA',	NULL,	'SE',	'KULIBUL KANGIN',	'1963-12-31',	'L',	NULL,	NULL,	'BR. KULIBUL KANGIN DS. TIBUBENENG',	NULL,	NULL,	NULL,	NULL,	NULL,	NULL,	NULL,	NULL,	NULL,	NULL,	NULL,	NULL,	NULL,	NULL,	NULL,	NULL,	NULL,	NULL,	NULL,	NULL,	NULL,	NULL,	NULL,	4,	'2019-10-21 04:23:43',	'2019-10-24 13:45:45',	76,	NULL,	NULL,	NULL,	1,	0,	0,	0,	'2019-10-21 04:23:43'),
(77,	'196312312006041122',	'I GUSTI KOMP. SUDARSANA',	NULL,	NULL,	'PAGUTAN, DENPASAR',	'1963-12-31',	'L',	NULL,	NULL,	'JL. KEBO IWA. BR,PAGUTAN',	NULL,	NULL,	NULL,	NULL,	NULL,	NULL,	NULL,	NULL,	NULL,	NULL,	NULL,	NULL,	NULL,	NULL,	NULL,	NULL,	NULL,	NULL,	NULL,	NULL,	NULL,	NULL,	NULL,	4,	'2019-10-21 04:24:28',	'2019-10-24 13:58:38',	77,	NULL,	NULL,	NULL,	1,	0,	0,	0,	'2019-10-21 04:24:28'),
(78,	'196405121985032011',	'NI MADE YUDIHARI',	NULL,	'SIP',	'DENPASAR',	'1964-05-12',	'P',	NULL,	NULL,	'JL.GUNUNG BATUR NO.75 DENPASAR',	NULL,	NULL,	NULL,	NULL,	NULL,	NULL,	NULL,	NULL,	NULL,	NULL,	NULL,	NULL,	NULL,	NULL,	NULL,	NULL,	NULL,	NULL,	NULL,	NULL,	NULL,	NULL,	NULL,	4,	'2019-10-21 04:25:18',	'2019-10-24 13:58:29',	78,	NULL,	NULL,	NULL,	1,	0,	0,	0,	'2019-10-21 04:25:18'),
(79,	'196406181990031016',	'I KETUT SUKERANA',	NULL,	'S.SOS',	'SUWUG',	'1964-06-18',	'L',	NULL,	NULL,	'JL. GATOT SUBROTO I GG. MERTA AYU NO. 8 DPS',	NULL,	NULL,	NULL,	NULL,	NULL,	NULL,	NULL,	NULL,	NULL,	NULL,	NULL,	NULL,	NULL,	NULL,	NULL,	NULL,	NULL,	NULL,	NULL,	NULL,	NULL,	NULL,	NULL,	4,	'2019-10-21 04:25:59',	'2019-10-24 13:58:24',	79,	NULL,	NULL,	NULL,	1,	0,	0,	0,	'2019-10-21 04:25:59'),
(80,	'196408081984031003',	'I WAYAN WIRYA',	NULL,	'SST., S.SOS',	'DENPASAR',	'1964-08-08',	'L',	NULL,	NULL,	'JL.CENINGAN SARI IVA NO. 31 SESETAN DENPASAR',	NULL,	NULL,	NULL,	NULL,	NULL,	NULL,	NULL,	NULL,	NULL,	NULL,	NULL,	NULL,	NULL,	NULL,	NULL,	NULL,	NULL,	NULL,	NULL,	NULL,	NULL,	NULL,	NULL,	4,	'2019-10-21 04:27:09',	'2019-10-24 13:58:05',	80,	NULL,	NULL,	NULL,	1,	0,	0,	0,	'2019-10-21 04:27:09'),
(81,	'196501011990031046',	'I MADE SUARJANA',	NULL,	NULL,	'DENPASAR',	'1965-01-01',	'L',	NULL,	NULL,	'JL. WATURENGGIONG  GG X A DENPASAR',	NULL,	NULL,	NULL,	NULL,	NULL,	NULL,	NULL,	NULL,	NULL,	NULL,	NULL,	NULL,	NULL,	NULL,	NULL,	NULL,	NULL,	NULL,	NULL,	NULL,	NULL,	NULL,	NULL,	4,	'2019-10-21 04:27:54',	'2019-10-24 13:58:02',	81,	NULL,	NULL,	NULL,	1,	0,	0,	0,	'2019-10-21 04:27:54'),
(82,	'196501101991031012',	'ADHI SUASTIKA',	NULL,	'SE',	'SEMPIDI',	'1965-01-10',	'L',	NULL,	NULL,	'JL. SEMPIDI - BR. SEBITA',	NULL,	NULL,	NULL,	NULL,	NULL,	NULL,	NULL,	NULL,	NULL,	NULL,	NULL,	NULL,	NULL,	NULL,	NULL,	NULL,	NULL,	NULL,	NULL,	NULL,	NULL,	NULL,	NULL,	4,	'2019-10-21 04:29:05',	'2019-10-24 13:57:58',	82,	NULL,	NULL,	NULL,	1,	0,	0,	0,	'2019-10-21 04:29:05'),
(83,	'196507141986031023',	'I MADE DARMA SANTOSA',	'DRS',	NULL,	'DENPASAR',	'1965-07-14',	NULL,	NULL,	NULL,	'JL. PULAU PINANG 20 DENPASAR',	NULL,	NULL,	NULL,	NULL,	NULL,	NULL,	NULL,	NULL,	NULL,	NULL,	NULL,	NULL,	NULL,	NULL,	NULL,	NULL,	NULL,	NULL,	NULL,	NULL,	NULL,	NULL,	NULL,	4,	'2019-10-21 04:29:36',	'2019-10-24 13:57:55',	83,	NULL,	NULL,	NULL,	1,	0,	0,	0,	'2019-10-21 04:29:36'),
(84,	'196604061991031006',	'I WAYAN NUADA',	NULL,	'S.SOS, M.SI',	'BR. TITIH KAPAL, MENGWI, BADUNG',	'1966-04-06',	'L',	NULL,	NULL,	'BR. TITIH KAPAL, MENGWI, BADUNG',	NULL,	NULL,	NULL,	NULL,	NULL,	NULL,	NULL,	NULL,	NULL,	NULL,	NULL,	NULL,	NULL,	NULL,	NULL,	NULL,	NULL,	NULL,	NULL,	NULL,	NULL,	NULL,	NULL,	4,	'2019-10-21 04:30:30',	'2019-10-24 13:57:51',	84,	NULL,	NULL,	NULL,	1,	0,	0,	0,	'2019-10-21 04:30:30'),
(85,	'196609181998031003',	'I DEWA KETUT RAI RUSTINA',	'DRS',	'M.Si',	'TABANAN',	'1966-09-18',	'L',	NULL,	NULL,	'JL. TUKAD CITARUM NO.9 A',	NULL,	NULL,	NULL,	NULL,	NULL,	NULL,	NULL,	NULL,	NULL,	NULL,	NULL,	NULL,	NULL,	NULL,	NULL,	NULL,	NULL,	NULL,	NULL,	NULL,	NULL,	NULL,	NULL,	4,	'2019-10-21 04:31:19',	'2019-10-24 13:57:30',	85,	NULL,	NULL,	NULL,	1,	0,	0,	0,	'2019-10-21 04:31:19'),
(86,	'196802241989031005',	'I WAYAN SUMARAJAYA',	'DRS',	'M.Si',	'SUSUT, BANGLI',	'1968-02-24',	'L',	NULL,	NULL,	'PRUM GRAHA LIVA PARADISE JL. SEKAR WANGI II NO. 20 KESAMBI KESIMAN KERTALANGU DENPASAR TIMUR',	NULL,	NULL,	NULL,	NULL,	NULL,	NULL,	NULL,	NULL,	NULL,	NULL,	NULL,	NULL,	NULL,	NULL,	NULL,	NULL,	NULL,	NULL,	NULL,	NULL,	NULL,	NULL,	NULL,	4,	'2019-10-21 04:32:07',	'2019-10-24 13:57:22',	86,	NULL,	NULL,	NULL,	1,	0,	0,	0,	'2019-10-21 04:32:07'),
(87,	'196803191994032006	',	'IDA AYU MADE TANTRI ARDANI',	NULL,	'S.E., M.SI.',	'KARANGASEM',	'1968-03-19',	'P',	NULL,	NULL,	'JL. WIJAYA KUSUMA NO. 29 DENPASAR',	NULL,	NULL,	NULL,	NULL,	NULL,	NULL,	NULL,	NULL,	NULL,	NULL,	NULL,	NULL,	NULL,	NULL,	NULL,	NULL,	NULL,	NULL,	NULL,	NULL,	NULL,	NULL,	NULL,	4,	'2019-10-21 04:33:02',	'2019-10-24 13:57:17',	87,	NULL,	NULL,	NULL,	1,	0,	0,	0,	'2019-10-21 04:33:02'),
(88,	'196804211996032004',	'NI NYOMAN SRI SUNARTHI',	NULL,	NULL,	'DENPASAR',	'1968-04-21',	'P',	NULL,	NULL,	'JL. TUKAD YEH AYA GG. VII/BB NO. 4',	NULL,	NULL,	NULL,	NULL,	NULL,	NULL,	NULL,	NULL,	NULL,	NULL,	NULL,	NULL,	NULL,	NULL,	NULL,	NULL,	NULL,	NULL,	NULL,	NULL,	NULL,	NULL,	NULL,	4,	'2019-10-21 04:33:49',	'2019-10-24 13:57:13',	88,	NULL,	NULL,	NULL,	1,	0,	0,	0,	'2019-10-21 04:33:49'),
(89,	'196809221998031009',	'IDA BAGUS MADE SUTRESNA',	NULL,	'SE, MT',	'GIANYAR',	'1968-09-22',	'L',	NULL,	NULL,	'JL. PUPUTAN II. KAV. C6 RENON DENPASAR',	NULL,	NULL,	NULL,	NULL,	NULL,	NULL,	NULL,	NULL,	NULL,	NULL,	NULL,	NULL,	NULL,	NULL,	NULL,	NULL,	NULL,	NULL,	NULL,	NULL,	NULL,	NULL,	NULL,	4,	'2019-10-21 04:34:32',	'2019-10-24 13:57:05',	89,	NULL,	NULL,	NULL,	1,	0,	0,	0,	'2019-10-21 04:34:32'),
(90,	'196812212010012001',	'NI MADE SUTARMI',	NULL,	NULL,	'SEPANG',	'1968-12-21',	'P',	NULL,	NULL,	'JL. KEN AROK GG BELIBIS NO. 5 DENPASAR',	NULL,	NULL,	NULL,	NULL,	NULL,	NULL,	NULL,	NULL,	NULL,	NULL,	NULL,	NULL,	NULL,	NULL,	NULL,	NULL,	NULL,	NULL,	NULL,	NULL,	NULL,	NULL,	NULL,	4,	'2019-10-21 04:35:24',	'2019-10-24 13:56:59',	90,	NULL,	NULL,	NULL,	1,	0,	0,	0,	'2019-10-21 04:35:24'),
(91,	'196905091990032005',	'IDA AYU KADE MEGAWATI',	NULL,	'SE',	'WANASARI',	'1969-05-09',	'P',	NULL,	NULL,	'JL.AKASIA XVI A  GG. PUDAK NO 2 DPS',	NULL,	NULL,	NULL,	NULL,	NULL,	NULL,	NULL,	NULL,	NULL,	NULL,	NULL,	NULL,	NULL,	NULL,	NULL,	NULL,	NULL,	NULL,	NULL,	NULL,	NULL,	NULL,	NULL,	4,	'2019-10-21 04:36:22',	'2019-10-24 13:56:56',	91,	NULL,	NULL,	NULL,	1,	0,	0,	0,	'2019-10-21 04:36:22'),
(92,	'197005212008011011',	'I GEDE INDRA SUTEJA',	NULL,	NULL,	'DENPASAR',	'1970-05-21',	'L',	NULL,	NULL,	'JALAN KECUBUNG  GANG KEMONING 3 DPS',	NULL,	NULL,	NULL,	NULL,	NULL,	NULL,	NULL,	NULL,	NULL,	NULL,	NULL,	NULL,	NULL,	NULL,	NULL,	NULL,	NULL,	NULL,	NULL,	NULL,	NULL,	NULL,	NULL,	4,	'2019-10-21 04:37:08',	'2019-10-24 13:56:52',	92,	NULL,	NULL,	NULL,	1,	0,	0,	0,	'2019-10-21 04:37:08'),
(93,	'197011062007011018',	'IMRAN',	NULL,	NULL,	'KENANGA SILA, BIMA',	'1970-11-06',	'L',	NULL,	NULL,	'JL. WATURENGGONG GG. XVII NO. 28 X DENPASAR',	NULL,	NULL,	NULL,	NULL,	NULL,	NULL,	NULL,	NULL,	NULL,	NULL,	NULL,	NULL,	NULL,	NULL,	NULL,	NULL,	NULL,	NULL,	NULL,	NULL,	NULL,	NULL,	NULL,	4,	'2019-10-21 04:38:04',	'2019-10-24 13:56:30',	93,	NULL,	NULL,	NULL,	1,	0,	0,	0,	'2019-10-21 04:38:04'),
(94,	'197103061997031006',	'I GEDE WIRA GUNARTA',	NULL,	NULL,	'WONGAYA GEDE, PENEBEL, TABANAN',	'1971-03-06',	'L',	NULL,	NULL,	'JL. NGURAH RAI NO. NO. 70',	NULL,	NULL,	NULL,	NULL,	NULL,	NULL,	NULL,	NULL,	NULL,	NULL,	NULL,	NULL,	NULL,	NULL,	NULL,	NULL,	NULL,	NULL,	NULL,	NULL,	NULL,	NULL,	NULL,	4,	'2019-10-21 04:38:44',	'2019-10-24 13:56:24',	94,	NULL,	NULL,	NULL,	1,	0,	0,	0,	'2019-10-21 04:38:44'),
(95,	'197105261992032006',	'NI KADEK DEWI AMBARINI',	NULL,	'S.H., M.H.',	'DENPASAR',	'1971-05-26',	'P',	NULL,	NULL,	'JL. WIJAYA KUSUMA 1/4 DENPASAR',	NULL,	NULL,	NULL,	NULL,	NULL,	NULL,	NULL,	NULL,	NULL,	NULL,	NULL,	NULL,	NULL,	NULL,	NULL,	NULL,	NULL,	NULL,	NULL,	NULL,	NULL,	NULL,	NULL,	4,	'2019-10-21 04:39:40',	'2019-10-24 13:56:21',	95,	NULL,	NULL,	NULL,	1,	0,	0,	0,	'2019-10-21 04:39:40'),
(96,	'197112231991021001',	'I WAYAN RESEDANA',	NULL,	'SE',	'ABIANKAPAS KAJA',	'1971-12-23',	'L',	NULL,	NULL,	'JL. NUSA INDAH G.II/9 DPS',	NULL,	NULL,	NULL,	NULL,	NULL,	NULL,	NULL,	NULL,	NULL,	NULL,	NULL,	NULL,	NULL,	NULL,	NULL,	NULL,	NULL,	NULL,	NULL,	NULL,	NULL,	NULL,	NULL,	4,	'2019-10-21 04:40:31',	'2019-10-24 13:56:16',	96,	NULL,	NULL,	NULL,	1,	0,	0,	0,	'2019-10-21 04:40:31'),
(97,	'197301312009011002',	'I WAYAN SUDIRA',	NULL,	NULL,	'DENPASAR',	'1973-01-31',	'L',	NULL,	NULL,	'JL. WIRAYUDA GG. RAMA NO. 3 BENOA',	NULL,	NULL,	NULL,	NULL,	NULL,	NULL,	NULL,	NULL,	NULL,	NULL,	NULL,	NULL,	NULL,	NULL,	NULL,	NULL,	NULL,	NULL,	NULL,	NULL,	NULL,	NULL,	NULL,	4,	'2019-10-21 04:41:15',	'2019-10-24 13:56:12',	97,	NULL,	NULL,	NULL,	1,	0,	0,	0,	'2019-10-21 04:41:15'),
(98,	'197505301999032004',	'I GUSTI AYU SUKMAWATI',	NULL,	'S.S, M.H.',	'DUSUN PADANGAJI',	'1975-05-30',	'P',	NULL,	NULL,	'JL.TUKAD BATANG HARI XIV/21',	NULL,	NULL,	NULL,	NULL,	NULL,	NULL,	NULL,	NULL,	NULL,	NULL,	NULL,	NULL,	NULL,	NULL,	NULL,	NULL,	NULL,	NULL,	NULL,	NULL,	NULL,	NULL,	NULL,	4,	'2019-10-21 04:41:57',	'2019-10-24 13:56:05',	98,	NULL,	NULL,	NULL,	1,	0,	0,	0,	'2019-10-21 04:41:57'),
(99,	'197509292002121003',	'I NYOMAN SUPARTA',	NULL,	'SE. M.SI.',	'MAMBAL',	'1975-09-29',	'L',	NULL,	NULL,	'BR. SAMU',	NULL,	NULL,	NULL,	NULL,	NULL,	NULL,	NULL,	NULL,	NULL,	NULL,	NULL,	NULL,	NULL,	NULL,	NULL,	NULL,	NULL,	NULL,	NULL,	NULL,	NULL,	NULL,	NULL,	4,	'2019-10-21 04:42:36',	'2019-10-24 13:56:01',	99,	NULL,	NULL,	NULL,	1,	0,	0,	0,	'2019-10-21 04:42:36'),
(100,	'197512222008011005	',	'I MADE SUDIARTA',	NULL,	'S.SN',	'BADUNG',	'1975-12-22',	'L',	NULL,	NULL,	'BR. TENGAH BLAHKIUH, ABIANSEMAL, BADUNG',	NULL,	NULL,	NULL,	NULL,	NULL,	NULL,	NULL,	NULL,	NULL,	NULL,	NULL,	NULL,	NULL,	NULL,	NULL,	NULL,	NULL,	NULL,	NULL,	NULL,	NULL,	NULL,	NULL,	4,	'2019-10-21 04:43:34',	'2019-10-24 13:55:48',	100,	NULL,	NULL,	NULL,	1,	0,	0,	0,	'2019-10-21 04:43:34'),
(101,	'197612262006041003',	'I PUTU SUNDIKA',	NULL,	'ST.,M.T',	'DENPASAR',	'1976-12-26',	'L',	NULL,	NULL,	'JL. COKROAMINOTO GANG NURI NO. 3',	NULL,	NULL,	'0858554646465',	'0000000000',	NULL,	NULL,	NULL,	NULL,	NULL,	NULL,	NULL,	NULL,	NULL,	NULL,	NULL,	NULL,	NULL,	NULL,	NULL,	NULL,	NULL,	NULL,	NULL,	4,	'2019-10-21 04:44:17',	'2019-10-28 01:56:30',	101,	NULL,	NULL,	NULL,	1,	0,	0,	0,	'2019-10-21 04:44:17'),
(102,	'197912242010011003',	'I GDE BAMBANG SUTIKA IRAWAN',	NULL,	NULL,	'MATARAM',	'1979-12-24',	'L',	NULL,	NULL,	'JL. NUANSA HIJAU UTAMA GANG XV NO 7',	NULL,	NULL,	NULL,	NULL,	NULL,	NULL,	NULL,	NULL,	NULL,	NULL,	NULL,	NULL,	NULL,	NULL,	NULL,	NULL,	NULL,	NULL,	NULL,	NULL,	NULL,	NULL,	NULL,	4,	'2019-10-21 04:44:53',	'2019-10-24 13:55:38',	102,	NULL,	NULL,	NULL,	1,	0,	0,	0,	'2019-10-21 04:44:53'),
(103,	'198001102008011017',	'I WAYAN SUKARDI',	NULL,	NULL,	'TUMBU KARANGASEM',	'1980-01-10',	'L',	NULL,	NULL,	'JL. BADAK AGUNG V NO.5 DENPASAR',	NULL,	NULL,	NULL,	NULL,	NULL,	NULL,	NULL,	NULL,	NULL,	NULL,	NULL,	NULL,	NULL,	NULL,	NULL,	NULL,	NULL,	NULL,	NULL,	NULL,	NULL,	NULL,	NULL,	4,	'2019-10-21 04:45:35',	'2019-10-24 13:55:33',	103,	NULL,	NULL,	NULL,	1,	0,	0,	0,	'2019-10-21 04:45:35'),
(104,	'198103021999121003',	'K. SUADNYANA PURIYANTO',	NULL,	'SSTP.,M.SI',	'BADUNG',	'1981-03-02',	'L',	NULL,	NULL,	'JL. ZAMBRUD III/16',	NULL,	NULL,	NULL,	NULL,	NULL,	NULL,	NULL,	NULL,	NULL,	NULL,	NULL,	NULL,	NULL,	NULL,	NULL,	NULL,	NULL,	NULL,	NULL,	NULL,	NULL,	NULL,	NULL,	4,	'2019-10-21 04:46:32',	'2019-10-24 13:55:29',	104,	NULL,	NULL,	NULL,	1,	0,	0,	0,	'2019-10-21 04:46:32'),
(105,	'198112172006042019',	'AYU IRMA PRIMAYANTHI',	NULL,	'S.KOM., M.M.',	'DENPASAR',	'1981-12-17',	'P',	NULL,	NULL,	'JLN. NANGKA GANG RATNASARI NO 10',	NULL,	NULL,	NULL,	NULL,	NULL,	NULL,	NULL,	NULL,	NULL,	NULL,	NULL,	NULL,	NULL,	NULL,	NULL,	NULL,	NULL,	NULL,	NULL,	NULL,	NULL,	NULL,	NULL,	4,	'2019-10-21 04:47:13',	'2019-10-24 13:54:59',	105,	NULL,	NULL,	NULL,	1,	0,	0,	0,	'2019-10-21 04:47:13'),
(106,	'198202042006041009',	'I GUSTI NGURAH PUSPA UDIYANA',	NULL,	'S.KOM., S.E., M.SI',	'DENPASAR',	'1982-02-04',	'L',	NULL,	NULL,	'JL. A. YANI GG.SATRIA II A.15 BANJAR KERTASARI',	NULL,	NULL,	NULL,	NULL,	NULL,	NULL,	NULL,	NULL,	NULL,	NULL,	NULL,	NULL,	NULL,	NULL,	NULL,	NULL,	NULL,	NULL,	NULL,	NULL,	NULL,	NULL,	NULL,	4,	'2019-10-21 04:47:50',	'2019-10-24 13:54:56',	106,	NULL,	NULL,	NULL,	1,	0,	0,	0,	'2019-10-21 04:47:50'),
(107,	'198311262011011007',	'NOVANDIKA DWIPAYANA',	NULL,	'ST',	'DENPASAR',	'1983-11-26',	'L',	NULL,	NULL,	'JL. TK. PANCORAN GG. VIA NO. 3',	NULL,	NULL,	NULL,	NULL,	NULL,	NULL,	NULL,	NULL,	NULL,	NULL,	NULL,	NULL,	NULL,	NULL,	NULL,	NULL,	NULL,	NULL,	NULL,	NULL,	NULL,	NULL,	NULL,	4,	'2019-10-21 04:48:21',	'2019-10-24 13:54:51',	107,	NULL,	NULL,	NULL,	1,	0,	0,	0,	'2019-10-21 04:48:21'),
(108,	'198406022009011003',	'I WAYAN TIRTA',	NULL,	NULL,	'DENPASAR',	'1984-06-02',	'L',	NULL,	NULL,	'JLN. SANDAT NO 17 BR BIAUNG DENPASAR',	NULL,	NULL,	NULL,	NULL,	NULL,	NULL,	NULL,	NULL,	NULL,	NULL,	NULL,	NULL,	NULL,	NULL,	NULL,	NULL,	NULL,	NULL,	NULL,	NULL,	NULL,	NULL,	NULL,	4,	'2019-10-21 04:49:10',	'2019-10-24 13:54:47',	108,	NULL,	NULL,	NULL,	1,	0,	0,	0,	'2019-10-21 04:49:10'),
(109,	'198410242010011006',	'I NYOMAN DARMAWAN',	NULL,	NULL,	'SEMPIDI',	'1984-10-24',	'L',	NULL,	NULL,	'BR TEGEHA SEMPIDI MENGWI BADUNG',	NULL,	NULL,	NULL,	NULL,	NULL,	NULL,	NULL,	NULL,	NULL,	NULL,	NULL,	NULL,	NULL,	NULL,	NULL,	NULL,	NULL,	NULL,	NULL,	NULL,	NULL,	NULL,	NULL,	4,	'2019-10-21 04:49:49',	'2019-10-24 13:54:24',	109,	NULL,	NULL,	NULL,	1,	0,	0,	0,	'2019-10-21 04:49:49'),
(110,	'198805052007011006',	'I PUTU RISKA DESTHARA',	NULL,	'S.IP',	'NEGARA',	'1988-05-05',	'L',	NULL,	NULL,	'JL. JENDRAL SUDIRMAN NO.63 NEGARA',	NULL,	NULL,	NULL,	NULL,	NULL,	NULL,	NULL,	NULL,	NULL,	NULL,	NULL,	NULL,	NULL,	NULL,	NULL,	NULL,	NULL,	NULL,	NULL,	NULL,	NULL,	NULL,	NULL,	4,	'2019-10-21 04:50:30',	'2019-10-24 13:54:19',	110,	NULL,	NULL,	NULL,	1,	0,	0,	0,	'2019-10-21 04:50:30'),
(111,	'199206102014061001',	'KADEK AGOES PRASETYA PUTRA',	NULL,	'S.STP',	'TABANAN',	'1992-06-10',	'L',	NULL,	NULL,	'JL. GUNUNG GUNTUR GG. XX/3',	NULL,	NULL,	NULL,	NULL,	NULL,	NULL,	NULL,	NULL,	NULL,	NULL,	NULL,	NULL,	NULL,	NULL,	NULL,	NULL,	NULL,	NULL,	NULL,	NULL,	NULL,	NULL,	NULL,	4,	'2019-10-21 04:51:08',	'2019-10-24 13:54:04',	111,	NULL,	NULL,	NULL,	1,	0,	0,	0,	'2019-10-21 04:51:08'),
(112,	'198403092006041005',	'PUTU WAWAN MARTINA',	NULL,	'S.ADM., M.AK',	'PENGASTULAN',	'1984-03-09',	'L',	NULL,	NULL,	'PADANG SAMBIAN, DENPASAR',	NULL,	NULL,	NULL,	NULL,	NULL,	NULL,	NULL,	NULL,	NULL,	NULL,	NULL,	NULL,	NULL,	NULL,	NULL,	NULL,	NULL,	NULL,	NULL,	NULL,	NULL,	NULL,	NULL,	4,	'2019-10-21 04:51:48',	'2019-10-24 13:54:00',	112,	NULL,	NULL,	NULL,	1,	0,	0,	0,	'2019-10-21 04:51:48'),
(113,	'198611172019',	'Immortal User 1',	NULL,	NULL,	'Denpasar',	'1986-11-17',	'L',	NULL,	NULL,	NULL,	NULL,	NULL,	'081932594516',	'0000000000',	NULL,	NULL,	NULL,	NULL,	NULL,	NULL,	NULL,	NULL,	NULL,	NULL,	NULL,	NULL,	NULL,	NULL,	NULL,	NULL,	NULL,	NULL,	NULL,	4,	'2019-10-24 12:36:00',	'2019-10-24 13:30:19',	114,	NULL,	NULL,	NULL,	1,	0,	0,	0,	'2019-10-24 12:36:00'),
(114,	'2410192019',	'Immortal User 2',	NULL,	NULL,	NULL,	'2019-10-24',	'L',	NULL,	NULL,	NULL,	NULL,	NULL,	'0858555886335',	'0000000000',	NULL,	NULL,	NULL,	NULL,	NULL,	NULL,	NULL,	NULL,	NULL,	NULL,	NULL,	NULL,	NULL,	NULL,	NULL,	NULL,	NULL,	NULL,	NULL,	4,	'2019-10-24 12:36:00',	'2019-10-28 00:19:47',	115,	NULL,	NULL,	NULL,	1,	1,	0,	1,	'2019-10-24 12:36:00'),
(115,	'2310192019',	'Immortal User 3',	NULL,	NULL,	NULL,	'2019-10-23',	'L',	NULL,	NULL,	NULL,	NULL,	NULL,	NULL,	NULL,	NULL,	NULL,	NULL,	NULL,	NULL,	NULL,	NULL,	NULL,	NULL,	NULL,	NULL,	NULL,	NULL,	NULL,	NULL,	NULL,	NULL,	NULL,	NULL,	4,	'2019-10-24 14:44:34',	'2019-10-24 14:50:08',	118,	NULL,	NULL,	NULL,	1,	0,	0,	0,	'2019-10-24 14:44:34'),
(116,	'2210192019',	'Immortal User 4',	NULL,	NULL,	NULL,	'2019-10-22',	'L',	NULL,	NULL,	NULL,	NULL,	NULL,	'081249472747',	'0000000000',	NULL,	NULL,	NULL,	NULL,	NULL,	NULL,	NULL,	NULL,	NULL,	NULL,	NULL,	NULL,	NULL,	NULL,	NULL,	NULL,	NULL,	NULL,	NULL,	4,	'2019-10-24 14:44:34',	'2019-10-25 12:05:42',	116,	NULL,	NULL,	NULL,	1,	0,	0,	0,	'2019-10-24 14:44:34'),
(117,	'2110192019',	'Immortal User 5',	NULL,	NULL,	NULL,	'2019-10-21',	'L',	NULL,	NULL,	NULL,	NULL,	NULL,	'085855886335',	'0000000000',	NULL,	NULL,	NULL,	NULL,	NULL,	NULL,	NULL,	NULL,	NULL,	NULL,	NULL,	NULL,	NULL,	NULL,	NULL,	NULL,	NULL,	NULL,	NULL,	4,	'2019-10-24 14:45:48',	'2019-10-25 12:05:51',	117,	NULL,	NULL,	NULL,	1,	0,	0,	0,	'2019-10-24 14:45:48');

DROP TABLE IF EXISTS `m_riwayat_jabatan`;
CREATE TABLE `m_riwayat_jabatan` (
  `id` int(11) NOT NULL AUTO_INCREMENT,
  `pegawai_id` int(11) NOT NULL,
  `eselon_id` int(11) DEFAULT NULL,
  `opd_id` int(11) NOT NULL,
  `unit_kerja_id` int(11) NOT NULL,
  `tupoksi` text,
  `no_sk` varchar(255) DEFAULT NULL,
  `tgl_sk` date DEFAULT NULL,
  `penetap_sk` int(11) DEFAULT NULL,
  `tmt` date DEFAULT NULL,
  `tmt_penugasan` date DEFAULT NULL,
  `sumpah_jabatan` tinyint(4) DEFAULT '0',
  `no_pelantikan` varchar(255) DEFAULT NULL,
  `tgl_pelantikan` date DEFAULT NULL,
  `scan_sk` varchar(255) DEFAULT NULL,
  `is_verified` tinyint(4) NOT NULL DEFAULT '0',
  `created_at` timestamp NULL DEFAULT CURRENT_TIMESTAMP,
  `updated_at` timestamp NULL DEFAULT CURRENT_TIMESTAMP ON UPDATE CURRENT_TIMESTAMP,
  `status_pegawai_id` int(255) NOT NULL,
  `jenis_pegawai_id` int(255) NOT NULL,
  `input_tipe` tinyint(4) NOT NULL DEFAULT '1',
  PRIMARY KEY (`id`),
  KEY `fk_m_riwayat_jabatan_1_idx` (`eselon_id`) USING BTREE,
  KEY `fk_m_riwayat_jabatan_2_idx` (`pegawai_id`) USING BTREE,
  KEY `fk_m_riwayat_jabatan_3_idx` (`opd_id`) USING BTREE,
  KEY `fk_m_riwayat_jabatan_4_idx` (`unit_kerja_id`) USING BTREE
) ENGINE=InnoDB DEFAULT CHARSET=utf8;

INSERT INTO `m_riwayat_jabatan` (`id`, `pegawai_id`, `eselon_id`, `opd_id`, `unit_kerja_id`, `tupoksi`, `no_sk`, `tgl_sk`, `penetap_sk`, `tmt`, `tmt_penugasan`, `sumpah_jabatan`, `no_pelantikan`, `tgl_pelantikan`, `scan_sk`, `is_verified`, `created_at`, `updated_at`, `status_pegawai_id`, `jenis_pegawai_id`, `input_tipe`) VALUES
(1,	1,	NULL,	9,	1409,	NULL,	NULL,	NULL,	NULL,	NULL,	NULL,	0,	NULL,	NULL,	NULL,	0,	'2019-10-21 04:07:47',	'2019-10-21 04:07:47',	4,	1,	1),
(2,	2,	NULL,	9,	1413,	NULL,	NULL,	NULL,	NULL,	NULL,	NULL,	0,	NULL,	NULL,	NULL,	0,	'2019-10-21 04:07:47',	'2019-10-21 04:07:47',	4,	1,	1),
(3,	3,	NULL,	9,	1415,	NULL,	NULL,	NULL,	NULL,	NULL,	NULL,	0,	NULL,	NULL,	NULL,	0,	'2019-10-21 04:07:47',	'2019-10-21 04:07:47',	4,	1,	1),
(4,	4,	NULL,	9,	1416,	NULL,	NULL,	NULL,	NULL,	NULL,	NULL,	0,	NULL,	NULL,	NULL,	0,	'2019-10-21 04:07:47',	'2019-10-21 04:07:47',	4,	1,	1),
(5,	5,	NULL,	9,	1409,	NULL,	NULL,	NULL,	NULL,	NULL,	NULL,	0,	NULL,	NULL,	NULL,	0,	'2019-10-21 04:07:47',	'2019-10-21 04:07:47',	4,	1,	1),
(6,	6,	NULL,	9,	1414,	NULL,	NULL,	NULL,	NULL,	NULL,	NULL,	0,	NULL,	NULL,	NULL,	0,	'2019-10-21 04:07:47',	'2019-10-21 04:07:47',	4,	1,	1),
(7,	7,	NULL,	9,	1409,	NULL,	NULL,	NULL,	NULL,	NULL,	NULL,	0,	NULL,	NULL,	NULL,	0,	'2019-10-21 04:07:47',	'2019-10-21 04:07:47',	4,	1,	1),
(8,	8,	NULL,	9,	1413,	NULL,	NULL,	NULL,	NULL,	NULL,	NULL,	0,	NULL,	NULL,	NULL,	0,	'2019-10-21 04:07:47',	'2019-10-21 04:07:47',	4,	1,	1),
(9,	9,	NULL,	9,	1413,	NULL,	NULL,	NULL,	NULL,	NULL,	NULL,	0,	NULL,	NULL,	NULL,	0,	'2019-10-21 04:07:47',	'2019-10-21 04:07:47',	4,	1,	1),
(10,	10,	NULL,	9,	1413,	NULL,	NULL,	NULL,	NULL,	NULL,	NULL,	0,	NULL,	NULL,	NULL,	0,	'2019-10-21 04:07:47',	'2019-10-21 04:07:47',	4,	1,	1),
(11,	11,	NULL,	9,	1414,	NULL,	NULL,	NULL,	NULL,	NULL,	NULL,	0,	NULL,	NULL,	NULL,	0,	'2019-10-21 04:07:47',	'2019-10-21 04:07:47',	4,	1,	1),
(12,	12,	NULL,	9,	1413,	NULL,	NULL,	NULL,	NULL,	NULL,	NULL,	0,	NULL,	NULL,	NULL,	0,	'2019-10-21 04:07:47',	'2019-10-21 04:07:47',	4,	1,	1),
(13,	13,	NULL,	9,	1413,	NULL,	NULL,	NULL,	NULL,	NULL,	NULL,	0,	NULL,	NULL,	NULL,	0,	'2019-10-21 04:07:47',	'2019-10-21 04:07:47',	4,	1,	1),
(14,	14,	NULL,	9,	1409,	NULL,	NULL,	NULL,	NULL,	NULL,	NULL,	0,	NULL,	NULL,	NULL,	0,	'2019-10-21 04:07:47',	'2019-10-21 04:07:47',	4,	1,	1),
(15,	15,	NULL,	9,	1415,	NULL,	NULL,	NULL,	NULL,	NULL,	NULL,	0,	NULL,	NULL,	NULL,	0,	'2019-10-21 04:07:47',	'2019-10-21 04:07:47',	4,	1,	1),
(16,	16,	NULL,	9,	1413,	NULL,	NULL,	NULL,	NULL,	NULL,	NULL,	0,	NULL,	NULL,	NULL,	0,	'2019-10-21 04:07:47',	'2019-10-21 04:07:47',	4,	1,	1),
(17,	17,	NULL,	9,	1413,	NULL,	NULL,	NULL,	NULL,	NULL,	NULL,	0,	NULL,	NULL,	NULL,	0,	'2019-10-21 04:07:47',	'2019-10-21 04:07:47',	4,	1,	1),
(18,	18,	NULL,	9,	1413,	NULL,	NULL,	NULL,	NULL,	NULL,	NULL,	0,	NULL,	NULL,	NULL,	0,	'2019-10-21 04:07:47',	'2019-10-21 04:07:47',	4,	1,	1),
(19,	19,	NULL,	9,	1410,	NULL,	NULL,	NULL,	NULL,	NULL,	NULL,	0,	NULL,	NULL,	NULL,	0,	'2019-10-21 04:07:47',	'2019-10-21 04:07:47',	4,	1,	1),
(20,	20,	NULL,	9,	1413,	NULL,	NULL,	NULL,	NULL,	NULL,	NULL,	0,	NULL,	NULL,	NULL,	0,	'2019-10-21 04:07:47',	'2019-10-21 04:07:47',	4,	1,	1),
(21,	21,	NULL,	9,	1413,	NULL,	NULL,	NULL,	NULL,	NULL,	NULL,	0,	NULL,	NULL,	NULL,	0,	'2019-10-21 04:07:47',	'2019-10-21 04:07:47',	4,	1,	1),
(22,	22,	NULL,	9,	1413,	NULL,	NULL,	NULL,	NULL,	NULL,	NULL,	0,	NULL,	NULL,	NULL,	0,	'2019-10-21 04:07:47',	'2019-10-21 04:07:47',	4,	1,	1),
(23,	23,	NULL,	9,	1409,	NULL,	NULL,	NULL,	NULL,	NULL,	NULL,	0,	NULL,	NULL,	NULL,	0,	'2019-10-21 04:07:47',	'2019-10-21 04:07:47',	4,	1,	1),
(24,	24,	NULL,	9,	1413,	NULL,	NULL,	NULL,	NULL,	NULL,	NULL,	0,	NULL,	NULL,	NULL,	0,	'2019-10-21 04:07:47',	'2019-10-21 04:07:47',	4,	1,	1),
(25,	25,	NULL,	9,	1411,	NULL,	NULL,	NULL,	NULL,	NULL,	NULL,	0,	NULL,	NULL,	NULL,	0,	'2019-10-21 04:07:47',	'2019-10-21 04:07:47',	4,	1,	1),
(26,	26,	NULL,	9,	1413,	NULL,	NULL,	NULL,	NULL,	NULL,	NULL,	0,	NULL,	NULL,	NULL,	0,	'2019-10-21 04:07:47',	'2019-10-21 04:07:47',	4,	1,	1),
(27,	27,	NULL,	9,	1413,	NULL,	NULL,	NULL,	NULL,	NULL,	NULL,	0,	NULL,	NULL,	NULL,	0,	'2019-10-21 04:07:47',	'2019-10-21 04:07:47',	4,	1,	1),
(28,	28,	NULL,	9,	1413,	NULL,	NULL,	NULL,	NULL,	NULL,	NULL,	0,	NULL,	NULL,	NULL,	0,	'2019-10-21 04:07:47',	'2019-10-21 04:07:47',	4,	1,	1),
(29,	29,	NULL,	9,	1414,	NULL,	NULL,	NULL,	NULL,	NULL,	NULL,	0,	NULL,	NULL,	NULL,	0,	'2019-10-21 04:07:47',	'2019-10-21 04:07:47',	4,	1,	1),
(30,	30,	NULL,	9,	1416,	NULL,	NULL,	NULL,	NULL,	NULL,	NULL,	0,	NULL,	NULL,	NULL,	0,	'2019-10-21 04:07:47',	'2019-10-21 04:07:47',	4,	1,	1),
(31,	31,	NULL,	9,	1413,	NULL,	NULL,	NULL,	NULL,	NULL,	NULL,	0,	NULL,	NULL,	NULL,	0,	'2019-10-21 04:07:47',	'2019-10-21 04:07:47',	4,	1,	1),
(32,	32,	NULL,	9,	1411,	NULL,	NULL,	NULL,	NULL,	NULL,	NULL,	0,	NULL,	NULL,	NULL,	0,	'2019-10-21 04:07:47',	'2019-10-21 04:07:47',	4,	1,	1),
(33,	33,	NULL,	9,	1413,	NULL,	NULL,	NULL,	NULL,	NULL,	NULL,	0,	NULL,	NULL,	NULL,	0,	'2019-10-21 04:07:47',	'2019-10-21 04:07:47',	4,	1,	1),
(34,	34,	NULL,	9,	1413,	NULL,	NULL,	NULL,	NULL,	NULL,	NULL,	0,	NULL,	NULL,	NULL,	0,	'2019-10-21 04:07:47',	'2019-10-21 04:07:47',	4,	1,	1),
(35,	35,	NULL,	9,	1416,	NULL,	NULL,	NULL,	NULL,	NULL,	NULL,	0,	NULL,	NULL,	NULL,	0,	'2019-10-21 04:07:47',	'2019-10-21 04:07:47',	4,	1,	1),
(36,	36,	NULL,	9,	1416,	NULL,	NULL,	NULL,	NULL,	NULL,	NULL,	0,	NULL,	NULL,	NULL,	0,	'2019-10-21 04:07:47',	'2019-10-21 04:07:47',	4,	1,	1),
(37,	37,	NULL,	9,	1415,	NULL,	NULL,	NULL,	NULL,	NULL,	NULL,	0,	NULL,	NULL,	NULL,	0,	'2019-10-21 04:07:47',	'2019-10-21 04:07:47',	4,	1,	1),
(38,	38,	NULL,	9,	1414,	NULL,	NULL,	NULL,	NULL,	NULL,	NULL,	0,	NULL,	NULL,	NULL,	0,	'2019-10-21 04:07:47',	'2019-10-21 04:07:47',	4,	1,	1),
(39,	39,	NULL,	9,	1416,	NULL,	NULL,	NULL,	NULL,	NULL,	NULL,	0,	NULL,	NULL,	NULL,	0,	'2019-10-21 04:07:47',	'2019-10-21 04:07:47',	4,	1,	1),
(40,	40,	NULL,	9,	1413,	NULL,	NULL,	NULL,	NULL,	NULL,	NULL,	0,	NULL,	NULL,	NULL,	0,	'2019-10-21 04:07:47',	'2019-10-21 04:07:47',	4,	1,	1),
(41,	41,	NULL,	9,	1412,	NULL,	NULL,	NULL,	NULL,	NULL,	NULL,	0,	NULL,	NULL,	NULL,	0,	'2019-10-21 04:07:47',	'2019-10-21 04:07:47',	4,	1,	1),
(42,	42,	NULL,	9,	1411,	NULL,	NULL,	NULL,	NULL,	NULL,	NULL,	0,	NULL,	NULL,	NULL,	0,	'2019-10-21 04:07:47',	'2019-10-21 04:07:47',	4,	1,	1),
(43,	43,	NULL,	9,	1415,	NULL,	NULL,	NULL,	NULL,	NULL,	NULL,	0,	NULL,	NULL,	NULL,	0,	'2019-10-21 04:07:47',	'2019-10-21 04:07:47',	4,	1,	1),
(44,	44,	NULL,	9,	1413,	NULL,	NULL,	NULL,	NULL,	NULL,	NULL,	0,	NULL,	NULL,	NULL,	0,	'2019-10-21 04:07:47',	'2019-10-21 04:07:47',	4,	1,	1),
(45,	45,	NULL,	9,	1409,	NULL,	NULL,	NULL,	NULL,	NULL,	NULL,	0,	NULL,	NULL,	NULL,	0,	'2019-10-21 04:07:47',	'2019-10-21 04:07:47',	4,	1,	1),
(46,	46,	NULL,	9,	1415,	NULL,	NULL,	NULL,	NULL,	NULL,	NULL,	0,	NULL,	NULL,	NULL,	0,	'2019-10-21 04:07:47',	'2019-10-21 04:07:47',	4,	1,	1),
(47,	47,	NULL,	9,	1409,	NULL,	NULL,	NULL,	NULL,	NULL,	NULL,	0,	NULL,	NULL,	NULL,	0,	'2019-10-21 04:07:47',	'2019-10-21 04:07:47',	4,	1,	1),
(48,	48,	NULL,	9,	1409,	NULL,	NULL,	NULL,	NULL,	NULL,	NULL,	0,	NULL,	NULL,	NULL,	0,	'2019-10-21 04:07:47',	'2019-10-21 04:07:47',	4,	1,	1),
(49,	49,	NULL,	9,	1411,	NULL,	NULL,	NULL,	NULL,	NULL,	NULL,	0,	NULL,	NULL,	NULL,	0,	'2019-10-21 04:07:47',	'2019-10-21 04:07:47',	4,	1,	1),
(50,	50,	NULL,	9,	1412,	NULL,	NULL,	NULL,	NULL,	NULL,	NULL,	0,	NULL,	NULL,	NULL,	0,	'2019-10-21 04:07:47',	'2019-10-21 04:07:47',	4,	1,	1),
(51,	51,	NULL,	9,	1413,	NULL,	NULL,	NULL,	NULL,	NULL,	NULL,	0,	NULL,	NULL,	NULL,	0,	'2019-10-21 04:07:47',	'2019-10-21 04:07:47',	4,	1,	1),
(52,	52,	NULL,	9,	1415,	NULL,	NULL,	NULL,	NULL,	NULL,	NULL,	0,	NULL,	NULL,	NULL,	0,	'2019-10-21 04:07:47',	'2019-10-21 04:07:47',	4,	1,	1),
(53,	53,	NULL,	9,	1411,	NULL,	NULL,	NULL,	NULL,	NULL,	NULL,	0,	NULL,	NULL,	NULL,	0,	'2019-10-21 04:07:47',	'2019-10-21 04:07:47',	4,	1,	1),
(54,	54,	NULL,	9,	1413,	NULL,	NULL,	NULL,	NULL,	NULL,	NULL,	0,	NULL,	NULL,	NULL,	0,	'2019-10-21 04:07:47',	'2019-10-21 04:07:47',	4,	1,	1),
(55,	55,	NULL,	9,	1411,	NULL,	NULL,	NULL,	NULL,	NULL,	NULL,	0,	NULL,	NULL,	NULL,	0,	'2019-10-21 04:07:47',	'2019-10-21 04:07:47',	4,	1,	1),
(56,	56,	NULL,	9,	1413,	NULL,	NULL,	NULL,	NULL,	NULL,	NULL,	0,	NULL,	NULL,	NULL,	0,	'2019-10-21 04:07:47',	'2019-10-21 04:07:47',	4,	1,	1),
(57,	57,	NULL,	9,	1411,	NULL,	NULL,	NULL,	NULL,	NULL,	NULL,	0,	NULL,	NULL,	NULL,	0,	'2019-10-21 04:07:47',	'2019-10-21 04:07:47',	4,	1,	1),
(58,	58,	NULL,	9,	1412,	NULL,	NULL,	NULL,	NULL,	NULL,	NULL,	0,	NULL,	NULL,	NULL,	0,	'2019-10-21 04:07:47',	'2019-10-21 04:07:47',	4,	1,	1),
(59,	59,	NULL,	9,	1412,	NULL,	NULL,	NULL,	NULL,	NULL,	NULL,	0,	NULL,	NULL,	NULL,	0,	'2019-10-21 04:07:47',	'2019-10-21 04:07:47',	4,	1,	1),
(60,	60,	NULL,	9,	1413,	NULL,	NULL,	NULL,	NULL,	NULL,	NULL,	0,	NULL,	NULL,	NULL,	0,	'2019-10-21 04:07:47',	'2019-10-21 04:07:47',	4,	1,	1),
(61,	61,	NULL,	9,	1413,	NULL,	NULL,	NULL,	NULL,	NULL,	NULL,	0,	NULL,	NULL,	NULL,	0,	'2019-10-21 04:07:47',	'2019-10-21 04:07:47',	4,	1,	1),
(62,	62,	NULL,	9,	1414,	NULL,	NULL,	NULL,	NULL,	NULL,	NULL,	0,	NULL,	NULL,	NULL,	0,	'2019-10-21 04:07:47',	'2019-10-21 04:07:47',	4,	1,	1),
(63,	63,	NULL,	9,	1413,	NULL,	NULL,	NULL,	NULL,	NULL,	NULL,	0,	NULL,	NULL,	NULL,	0,	'2019-10-21 04:07:47',	'2019-10-21 04:07:47',	4,	1,	1),
(64,	64,	NULL,	9,	1414,	NULL,	NULL,	NULL,	NULL,	NULL,	NULL,	0,	NULL,	NULL,	NULL,	0,	'2019-10-21 04:07:47',	'2019-10-21 04:07:47',	4,	1,	1),
(65,	65,	NULL,	9,	1414,	NULL,	NULL,	NULL,	NULL,	NULL,	NULL,	0,	NULL,	NULL,	NULL,	0,	'2019-10-21 04:07:47',	'2019-10-21 04:07:47',	4,	1,	1),
(66,	66,	NULL,	1,	1,	NULL,	NULL,	NULL,	NULL,	NULL,	NULL,	0,	NULL,	NULL,	NULL,	0,	'2019-10-21 05:08:15',	'2019-10-21 05:08:15',	4,	1,	1),
(67,	67,	NULL,	1,	1,	NULL,	NULL,	NULL,	NULL,	NULL,	NULL,	0,	NULL,	NULL,	NULL,	0,	'2019-10-21 05:08:15',	'2019-10-21 05:08:15',	4,	1,	1),
(68,	68,	NULL,	1,	1417,	NULL,	NULL,	NULL,	NULL,	NULL,	NULL,	0,	NULL,	NULL,	NULL,	0,	'2019-10-21 05:08:15',	'2019-10-21 05:08:15',	4,	1,	1),
(69,	69,	NULL,	1,	1,	NULL,	NULL,	NULL,	NULL,	NULL,	NULL,	0,	NULL,	NULL,	NULL,	0,	'2019-10-21 05:08:15',	'2019-10-21 05:08:15',	4,	1,	1),
(70,	70,	NULL,	1,	1421,	NULL,	NULL,	NULL,	NULL,	NULL,	NULL,	0,	NULL,	NULL,	NULL,	0,	'2019-10-21 05:08:15',	'2019-10-21 05:08:15',	4,	1,	1),
(71,	71,	NULL,	1,	1,	NULL,	NULL,	NULL,	NULL,	NULL,	NULL,	0,	NULL,	NULL,	NULL,	0,	'2019-10-21 05:08:15',	'2019-10-21 05:08:15',	4,	1,	1),
(72,	72,	NULL,	1,	1,	NULL,	NULL,	NULL,	NULL,	NULL,	NULL,	0,	NULL,	NULL,	NULL,	0,	'2019-10-21 05:08:15',	'2019-10-21 05:08:15',	4,	1,	1),
(73,	73,	NULL,	1,	1,	NULL,	NULL,	NULL,	NULL,	NULL,	NULL,	0,	NULL,	NULL,	NULL,	0,	'2019-10-21 05:08:15',	'2019-10-21 05:08:15',	4,	1,	1),
(74,	74,	NULL,	1,	1,	NULL,	NULL,	NULL,	NULL,	NULL,	NULL,	0,	NULL,	NULL,	NULL,	0,	'2019-10-21 05:08:15',	'2019-10-21 05:08:15',	4,	1,	1),
(75,	75,	NULL,	1,	1422,	NULL,	NULL,	NULL,	NULL,	NULL,	NULL,	0,	NULL,	NULL,	NULL,	0,	'2019-10-21 05:08:15',	'2019-10-21 05:08:15',	4,	1,	1),
(76,	76,	NULL,	1,	1,	NULL,	NULL,	NULL,	NULL,	NULL,	NULL,	0,	NULL,	NULL,	NULL,	0,	'2019-10-21 05:08:15',	'2019-10-21 05:08:15',	4,	1,	1),
(77,	77,	NULL,	1,	1,	NULL,	NULL,	NULL,	NULL,	NULL,	NULL,	0,	NULL,	NULL,	NULL,	0,	'2019-10-21 05:08:15',	'2019-10-21 05:08:15',	4,	1,	1),
(78,	78,	NULL,	1,	1419,	NULL,	NULL,	NULL,	NULL,	NULL,	NULL,	0,	NULL,	NULL,	NULL,	0,	'2019-10-21 05:08:15',	'2019-10-21 05:08:15',	4,	1,	1),
(79,	79,	NULL,	1,	1,	NULL,	NULL,	NULL,	NULL,	NULL,	NULL,	0,	NULL,	NULL,	NULL,	0,	'2019-10-21 05:08:15',	'2019-10-21 05:08:15',	4,	1,	1),
(80,	80,	NULL,	1,	1421,	NULL,	NULL,	NULL,	NULL,	NULL,	NULL,	0,	NULL,	NULL,	NULL,	0,	'2019-10-21 05:08:15',	'2019-10-21 05:08:15',	4,	1,	1),
(81,	81,	NULL,	1,	1,	NULL,	NULL,	NULL,	NULL,	NULL,	NULL,	0,	NULL,	NULL,	NULL,	0,	'2019-10-21 05:08:15',	'2019-10-21 05:08:15',	4,	1,	1),
(82,	82,	NULL,	1,	1,	NULL,	NULL,	NULL,	NULL,	NULL,	NULL,	0,	NULL,	NULL,	NULL,	0,	'2019-10-21 05:08:15',	'2019-10-21 05:08:15',	4,	1,	1),
(83,	83,	NULL,	1,	1,	NULL,	NULL,	NULL,	NULL,	NULL,	NULL,	0,	NULL,	NULL,	NULL,	0,	'2019-10-21 05:08:15',	'2019-10-21 05:08:15',	4,	1,	1),
(84,	84,	NULL,	1,	1422,	NULL,	NULL,	NULL,	NULL,	NULL,	NULL,	0,	NULL,	NULL,	NULL,	0,	'2019-10-21 05:08:15',	'2019-10-21 05:08:15',	4,	1,	1),
(85,	85,	NULL,	1,	1,	NULL,	NULL,	NULL,	NULL,	NULL,	NULL,	0,	NULL,	NULL,	NULL,	0,	'2019-10-21 05:08:15',	'2019-10-21 05:08:15',	4,	1,	1),
(86,	86,	NULL,	1,	1,	NULL,	NULL,	NULL,	NULL,	NULL,	NULL,	0,	NULL,	NULL,	NULL,	0,	'2019-10-21 05:08:15',	'2019-10-21 05:08:15',	4,	1,	1),
(87,	87,	NULL,	1,	1417,	NULL,	NULL,	NULL,	NULL,	NULL,	NULL,	0,	NULL,	NULL,	NULL,	0,	'2019-10-21 05:08:15',	'2019-10-21 05:08:15',	4,	1,	1),
(88,	88,	NULL,	1,	1,	NULL,	NULL,	NULL,	NULL,	NULL,	NULL,	0,	NULL,	NULL,	NULL,	0,	'2019-10-21 05:08:15',	'2019-10-21 05:08:15',	4,	1,	1),
(89,	89,	NULL,	1,	1418,	NULL,	NULL,	NULL,	NULL,	NULL,	NULL,	0,	NULL,	NULL,	NULL,	0,	'2019-10-21 05:08:15',	'2019-10-21 05:08:15',	4,	1,	1),
(90,	90,	NULL,	1,	1,	NULL,	NULL,	NULL,	NULL,	NULL,	NULL,	0,	NULL,	NULL,	NULL,	0,	'2019-10-21 05:08:15',	'2019-10-21 05:08:15',	4,	1,	1),
(91,	91,	NULL,	1,	1,	NULL,	NULL,	NULL,	NULL,	NULL,	NULL,	0,	NULL,	NULL,	NULL,	0,	'2019-10-21 05:08:15',	'2019-10-21 05:08:15',	4,	1,	1),
(92,	92,	NULL,	1,	1,	NULL,	NULL,	NULL,	NULL,	NULL,	NULL,	0,	NULL,	NULL,	NULL,	0,	'2019-10-21 05:08:15',	'2019-10-21 05:08:15',	4,	1,	1),
(93,	93,	NULL,	1,	1421,	NULL,	NULL,	NULL,	NULL,	NULL,	NULL,	0,	NULL,	NULL,	NULL,	0,	'2019-10-21 05:08:15',	'2019-10-21 05:08:15',	4,	1,	1),
(94,	94,	NULL,	1,	1,	NULL,	NULL,	NULL,	NULL,	NULL,	NULL,	0,	NULL,	NULL,	NULL,	0,	'2019-10-21 05:08:15',	'2019-10-21 05:08:15',	4,	1,	1),
(95,	95,	NULL,	1,	1,	NULL,	NULL,	NULL,	NULL,	NULL,	NULL,	0,	NULL,	NULL,	NULL,	0,	'2019-10-21 05:08:15',	'2019-10-21 05:08:15',	4,	1,	1),
(96,	96,	NULL,	1,	1,	NULL,	NULL,	NULL,	NULL,	NULL,	NULL,	0,	NULL,	NULL,	NULL,	0,	'2019-10-21 05:08:15',	'2019-10-21 05:08:15',	4,	1,	1),
(97,	97,	NULL,	1,	1,	NULL,	NULL,	NULL,	NULL,	NULL,	NULL,	0,	NULL,	NULL,	NULL,	0,	'2019-10-21 05:08:15',	'2019-10-21 05:08:15',	4,	1,	1),
(98,	98,	NULL,	1,	1418,	NULL,	NULL,	NULL,	NULL,	NULL,	NULL,	0,	NULL,	NULL,	NULL,	0,	'2019-10-21 05:08:15',	'2019-10-21 05:08:15',	4,	1,	1),
(99,	99,	NULL,	1,	1,	NULL,	NULL,	NULL,	NULL,	NULL,	NULL,	0,	NULL,	NULL,	NULL,	0,	'2019-10-21 05:08:15',	'2019-10-21 05:08:15',	4,	1,	1),
(100,	100,	NULL,	1,	1,	NULL,	NULL,	NULL,	NULL,	NULL,	NULL,	0,	NULL,	NULL,	NULL,	0,	'2019-10-21 05:08:15',	'2019-10-21 05:08:15',	4,	1,	1),
(101,	101,	NULL,	1,	1,	NULL,	NULL,	NULL,	NULL,	NULL,	NULL,	0,	NULL,	NULL,	NULL,	0,	'2019-10-21 05:08:15',	'2019-10-21 05:08:15',	4,	1,	1),
(102,	102,	NULL,	1,	1420,	NULL,	NULL,	NULL,	NULL,	NULL,	NULL,	0,	NULL,	NULL,	NULL,	0,	'2019-10-21 05:08:15',	'2019-10-21 05:08:15',	4,	1,	1),
(103,	103,	NULL,	1,	1,	NULL,	NULL,	NULL,	NULL,	NULL,	NULL,	0,	NULL,	NULL,	NULL,	0,	'2019-10-21 05:08:15',	'2019-10-21 05:08:15',	4,	1,	1),
(104,	104,	NULL,	1,	1,	NULL,	NULL,	NULL,	NULL,	NULL,	NULL,	0,	NULL,	NULL,	NULL,	0,	'2019-10-21 05:08:15',	'2019-10-21 05:08:15',	4,	1,	1),
(105,	105,	NULL,	1,	1422,	NULL,	NULL,	NULL,	NULL,	NULL,	NULL,	0,	NULL,	NULL,	NULL,	0,	'2019-10-21 05:08:15',	'2019-10-21 05:08:15',	4,	1,	1),
(106,	106,	NULL,	1,	1,	NULL,	NULL,	NULL,	NULL,	NULL,	NULL,	0,	NULL,	NULL,	NULL,	0,	'2019-10-21 05:08:15',	'2019-10-21 05:08:15',	4,	1,	1),
(107,	107,	NULL,	1,	1,	NULL,	NULL,	NULL,	NULL,	NULL,	NULL,	0,	NULL,	NULL,	NULL,	0,	'2019-10-21 05:08:15',	'2019-10-21 05:08:15',	4,	1,	1),
(108,	108,	NULL,	1,	1,	NULL,	NULL,	NULL,	NULL,	NULL,	NULL,	0,	NULL,	NULL,	NULL,	0,	'2019-10-21 05:08:15',	'2019-10-21 05:08:15',	4,	1,	1),
(109,	109,	NULL,	1,	1,	NULL,	NULL,	NULL,	NULL,	NULL,	NULL,	0,	NULL,	NULL,	NULL,	0,	'2019-10-21 05:08:15',	'2019-10-21 05:08:15',	4,	1,	1),
(110,	110,	NULL,	1,	1,	NULL,	NULL,	NULL,	NULL,	NULL,	NULL,	0,	NULL,	NULL,	NULL,	0,	'2019-10-21 05:08:15',	'2019-10-21 05:08:15',	4,	1,	1),
(111,	111,	NULL,	1,	1,	NULL,	NULL,	NULL,	NULL,	NULL,	NULL,	0,	NULL,	NULL,	NULL,	0,	'2019-10-21 05:08:15',	'2019-10-21 05:08:15',	4,	1,	1),
(112,	112,	NULL,	1,	1421,	NULL,	NULL,	NULL,	NULL,	NULL,	NULL,	0,	NULL,	NULL,	NULL,	0,	'2019-10-21 05:08:15',	'2019-10-21 05:08:15',	4,	1,	1),
(114,	113,	NULL,	1,	1417,	NULL,	NULL,	NULL,	NULL,	NULL,	NULL,	0,	NULL,	NULL,	NULL,	0,	'2019-10-24 12:44:58',	'2019-10-24 12:44:58',	4,	1,	1),
(115,	114,	NULL,	9,	1411,	NULL,	NULL,	NULL,	NULL,	NULL,	NULL,	0,	NULL,	NULL,	NULL,	0,	'2019-10-24 12:45:39',	'2019-10-24 12:45:39',	4,	1,	1),
(116,	116,	NULL,	9,	1413,	NULL,	NULL,	NULL,	NULL,	NULL,	NULL,	0,	NULL,	NULL,	NULL,	0,	'2019-10-24 14:47:50',	'2019-10-24 14:47:50',	4,	1,	1),
(117,	117,	NULL,	9,	1412,	NULL,	NULL,	NULL,	NULL,	NULL,	NULL,	0,	NULL,	NULL,	NULL,	0,	'2019-10-24 14:47:50',	'2019-10-24 14:47:50',	4,	1,	1),
(118,	115,	NULL,	9,	1412,	NULL,	NULL,	NULL,	NULL,	NULL,	NULL,	0,	NULL,	NULL,	NULL,	0,	'2019-10-24 14:49:31',	'2019-10-24 14:49:31',	4,	1,	1);

DROP TABLE IF EXISTS `m_riwayat_kepangkatan`;
CREATE TABLE `m_riwayat_kepangkatan` (
  `id` int(11) NOT NULL AUTO_INCREMENT,
  `pegawai_id` int(11) NOT NULL,
  `instansi` enum('badung','luar') DEFAULT NULL,
  `keterangan_instansi` varchar(255) DEFAULT NULL,
  `jenis_pegawai_id` int(11) DEFAULT NULL,
  `golongan_id` int(11) NOT NULL,
  `tmt` date DEFAULT NULL,
  `no_sk` varchar(255) DEFAULT NULL,
  `tgl_sk` date DEFAULT NULL,
  `penetap_sk` int(11) DEFAULT NULL,
  `gaji_pokok` double(20,2) DEFAULT NULL,
  `dasar_keputusan` varchar(255) DEFAULT NULL,
  `scan_sk` varchar(255) DEFAULT NULL,
  `is_verified` tinyint(4) NOT NULL DEFAULT '1',
  `input_tipe` tinyint(4) NOT NULL DEFAULT '1',
  `created_at` timestamp NOT NULL DEFAULT CURRENT_TIMESTAMP,
  `updated_at` timestamp NOT NULL DEFAULT CURRENT_TIMESTAMP ON UPDATE CURRENT_TIMESTAMP,
  PRIMARY KEY (`id`),
  KEY `fk_m_riwayat_kepangkatan_1_idx` (`pegawai_id`) USING BTREE
) ENGINE=InnoDB DEFAULT CHARSET=utf8;


DROP TABLE IF EXISTS `m_unit_kerja`;
CREATE TABLE `m_unit_kerja` (
  `id` int(11) NOT NULL AUTO_INCREMENT,
  `opd_id` int(11) NOT NULL,
  `jenis_unit_kerja_id` int(11) NOT NULL,
  `unit_kerja` varchar(255) DEFAULT NULL,
  `parent` int(11) NOT NULL DEFAULT '0',
  PRIMARY KEY (`id`),
  KEY `fk_m_sub_opd_m_jenis_sub_opd1_idx` (`jenis_unit_kerja_id`) USING BTREE,
  KEY `fk_m_sub_opd_m_opd1_idx` (`opd_id`) USING BTREE
) ENGINE=InnoDB DEFAULT CHARSET=latin1;

INSERT INTO `m_unit_kerja` (`id`, `opd_id`, `jenis_unit_kerja_id`, `unit_kerja`, `parent`) VALUES
(1,	1,	4,	'DINAS KOMUNIKASI, INFORMATIKA DAN STATISTIK',	0),
(1409,	9,	7,	'BIDANG DATA DAN KEDUDUKAN HUKUM PEGAWAI',	9),
(1410,	9,	7,	'BIDANG FORMASI, PENGADAAN DAN KESEJAHTERAAN PEGAWAI',	9),
(1411,	9,	7,	'BIDANG MUTASI PEGAWAI',	9),
(1412,	9,	7,	'BIDANG PENGEMBANGAN PEGAWAI',	9),
(1413,	9,	9,	'SEKRETARIAT',	9),
(1414,	9,	7,	'BIDANG PENGADAAN, PEMBERHENTIAN DAN INFORMASI KEPEGAWAIAN',	9),
(1415,	9,	7,	'BIDANG MUTASI DAN PROMOSI',	9),
(1416,	9,	7,	'BIDANG PENILAIAN KINERJA APARATUR DAN PENGHARGAAN',	9),
(1417,	1,	7,	'BIDANG PENGELOLAAN INFORMASI',	1),
(1418,	1,	7,	'BIDANG PENGEMBANGAN KOMUNIKASI PUBLIK',	1),
(1419,	1,	7,	'BIDANG INFRASTRUKTUR DAN DATA ELEKTRONIK',	1),
(1420,	1,	7,	'BIDANG TATA KELOLA PEMERINTAHAN ELEKTRONIK',	1),
(1421,	1,	9,	'SEKRETARIAT',	1),
(1422,	1,	7,	'BIDANG STATISTIK',	1);

-- 2019-11-26 03:55:32
